assembly_id	qseqid	taxid	staxid	sseqid	pident	length	mismatch	gapopen	qstart	qend	sstart	send	evalue	bitscore	slen	ssuperkingdom	skingdom	sphylum	ssubphylum	sclass	sorder	sfamily	sgenus	sspecies	rDNA_copynumber	superkingdom	supergroup	kingdom	phylum	class	order	family	genus	species
GCA_000001985	GCA_000001985|DS995909.1/8328-2599;size=1	441960	4959	gi|2443212260|gb|CP046879.1|	99.983	5730	1	0	1	5730	765016	770745	0	10576	2260382	Eukaryota	Fungi	Ascomycota	Saccharomycotina	Saccharomycetes	Saccharomycetales	Debaryomycetaceae	Debaryomyces	Debaryomyces hansenii	1	Eukaryota	Opisthokonta	Fungi	Ascomycota	Eurotiomycetes	Eurotiales	Trichocomaceae	Talaromyces	Talaromyces marneffei
GCA_000187875	GCA_000187875|GL733268.1/11544-5759;size=1	6669	231260	gi|32527525|gb|AY210813.1|	99.877	3257	3	1	2531	5786	1	3257	0	5991	3536	Eukaryota	Metazoa	Arthropoda	Crustacea	Hexanauplia	Cyclopoida	Cyclopidae	NA	Cyclopidae sp. JMM-2003	1	Eukaryota	Opisthokonta	Metazoa	Arthropoda	Branchiopoda	Diplostraca	Daphniidae	Daphnia	Daphnia pulex
GCA_000235945	GCA_000235945|AFSM01005055.1/8748-3933;size=1	166479	175245	gi|197253364|gb|EU910609.1|	88.926	1806	140	49	8	1792	4	1770	0	2172	1774	Eukaryota	Fungi	NA	NA	NA	NA	NA	NA	uncultured fungus	1	Eukaryota	Opisthokonta	Fungi	Chytridiomycota	Chytridiomycetes	Rhizophydiales	Rhizophydiales_X	Homolaphlyctis	Homolaphlyctis polyrhiza
GCA_000464535	GCA_000464535|KE721522.1/8054-2049;size=1	1263415	100272	gi|1132593293|dbj|LC109010.1|	96.833	1768	53	3	21	1787	2	1767	0	2952	1794	Eukaryota	NA	NA	NA	NA	NA	NA	NA	uncultured eukaryote	1	Eukaryota	Opisthokonta	Fungi	Ascomycota	Eurotiomycetes	Verrucariales	Verrucariaceae	Endocarpon	Endocarpon pusillum
GCA_000523475	GCA_000523475|KI963913.1/8422-13923;size=1	1297591	885939	gi|308219083|gb|GQ867783.1|	98.854	5148	58	1	59	5206	1	5147	0	9178	5147	Eukaryota	Fungi	Ascomycota	Pezizomycotina	Sordariomycetes	Hypocreales	NA	Acremonium	Acremonium sp. 11665 DLW-2010	1	Eukaryota	Opisthokonta	Fungi	Ascomycota	Eurotiomycetes	Eurotiales	Aspergillaceae	Penicillium	Penicillium chrysogenum
GCA_000695645	GCA_000695645|AZLD02025980.1/569-6588;size=1	38123	1046756	gi|343168990|gb|JN018343.1|	96.433	3420	107	15	2574	5985	1	3413	0	5626	3413	Eukaryota	Metazoa	Arthropoda	Chelicerata	Arachnida	Araneae	NA	NA	Araneoidea sp. JA-2011	1	Eukaryota	Opisthokonta	Metazoa	Arthropoda	Insecta	Hemiptera	Aphalaridae	Pachypsylla	Pachypsylla venusta
GCA_000697375	GCA_000697375|JNEO01020332.1/5884-96;size=1	1357683	34488	gi|44936836|gb|AY546691.1|	91.235	3069	212	45	2494	5532	1	3042	0	4124	3042	Eukaryota	Fungi	Zoopagomycota	Entomophthoromycotina	Entomophthoromycetes	Entomophthorales	Ancylistaceae	Conidiobolus	Conidiobolus coronatus	1	Eukaryota	Opisthokonta	Fungi	Zoopagomycota	Basidiobolomycetes	Basidiobolales	Basidiobolaceae	Basidiobolus	Basidiobolus meristosporus
GCA_000826855	GCA_000826855|JTLS01001059.1/7395-1626;size=1	1230402	2816325	gi|2227887702|gb|OL505602.1|	91.691	3406	249	29	2383	5770	12547	15936	0	4691	40377	Eukaryota	Fungi	Basidiomycota	Agaricomycotina	Agaricomycetes	Polyporales	Polyporaceae	Ganoderma	Ganoderma sp. TQC-2021a	1	Eukaryota	Opisthokonta	Fungi	Basidiomycota	Geminibasidiomycetes	Geminibasidiales	Geminibasidiaceae	Basidioascus	Basidioascus undulatus
GCA_001414375	GCA_001414375|LLCA01000250.1/2228-7871;size=1	1735277	13684	gi|1235732163|gb|CP022810.1|	99.699	5644	15	1	1	5644	100291	94650	0	10327	1445520	Eukaryota	Fungi	Ascomycota	Pezizomycotina	Dothideomycetes	Pleosporales	Phaeosphaeriaceae	Parastagonospora	Parastagonospora nodorum	1	Eukaryota	Opisthokonta	Fungi	Ascomycota	Leotiomycetes	Helotiales	Helotiaceae	Hymenoscyphus	Hymenoscyphus laetus
GCA_001414525	GCA_001414525|LLKM01004012.1/1-4936;size=1	272952	741088	gi|290760480|gb|GQ144683.1|	89.854	2464	202	35	2053	4497	626	3060	0	3125	3060	Eukaryota	NA	Cercozoa	NA	Thecofilosea	Cryomonadida	Protaspidae	Cryothecomonas	Cryothecomonas sp. APCC MC5-1Cryo	2	Eukaryota	SAR	Stramenopiles	Oomycota	Oomycetes	Peronosporales	Peronosporaceae	Hyaloperonospora	Hyaloperonospora arabidopsidis
GCA_001950455	GCA_001950455|BCGG01000020.1/3-5653;size=1	230004	63577	gi|2125225081|gb|CP084939.1|	99.735	5652	10	3	1	5651	1408552	1402905	0	10360	4072028	Eukaryota	Fungi	Ascomycota	Pezizomycotina	Sordariomycetes	Hypocreales	Hypocreaceae	Trichoderma	Trichoderma atroviride	1	Eukaryota	Opisthokonta	Fungi	Ascomycota	Dothideomycetes	Pleosporales	Pleosporaceae	Alternaria	Alternaria consortialis
GCA_001974825	GCA_001974825|AWUE01011481.1/3102-7490;size=1	93759	595691	gi|223047882|gb|FJ032646.1|	89.81	2581	204	44	1591	4139	679	3232	0	3254	3232	Eukaryota	NA	Cercozoa	NA	NA	Cercomonadida	NA	NA	Cercomonadida sp. C15_1A03	1	Eukaryota	Archaeplastida	Viridiplantae	Streptophyta	Magnoliopsida	Malvales	Malvaceae	Corchorus	Corchorus olitorius
GCA_001974925	GCA_001974925|MTPI01000606.1/1631-7426;size=1	143451	88167	gi|323690576|gb|GU935635.1|	99.856	2781	1	3	2573	5351	1	2780	0	5110	2780	Eukaryota	NA	NA	NA	Synurophyceae	Ochromonadales	Ochromonadaceae	Poterioochromonas	Poterioochromonas malhamensis	2	Eukaryota	SAR	Stramenopiles	Oomycota	Oomycetes	Peronosporales	Peronosporaceae	Plasmopara	Plasmopara viticola
GCA_002120335	GCA_002120335|KZ111350.1/3324-8674;size=1	1001937	1709941	gi|983783862|gb|KT289676.1|	99.376	1763	10	1	1040	2801	1	1763	0	3193	1763	Eukaryota	Fungi	NA	NA	NA	NA	NA	NA	fungal sp.	1	Eukaryota	Opisthokonta	Fungi	Ascomycota	Sordariomycetes	Xylariales	Hypoxylaceae	Hypoxylon	Hypoxylon sp. EC38
GCA_002335675	GCA_002335675|BEGY01000300.1/7681-1855;size=1	1157962	3702	gi|2279796747|gb|CP086750.1|	92.929	3861	210	38	1975	5827	390466	394271	0	5559	20220154	Eukaryota	Viridiplantae	Streptophyta	Streptophytina	Magnoliopsida	Brassicales	Brassicaceae	Arabidopsis	Arabidopsis thaliana	1	Eukaryota	Archaeplastida	Viridiplantae	Chlorophyta	Chlorophyceae	Chlamydomonadales	Chlamydomonadaceae	Chlamydomonas	Chlamydomonas eustigma
GCA_002443255	GCA_002443255|BEIS01000850.1/8519-12602;size=1	109461	7460	gi|1477713658|ref|XR_003306454.1|	100	4023	0	0	62	4084	1	4023	0	7430	4029	Eukaryota	Metazoa	Arthropoda	Hexapoda	Insecta	Hymenoptera	Apidae	Apis	Apis mellifera	1	Eukaryota	Opisthokonta	Metazoa	Arthropoda	Arachnida	Mesostigmata	Varroidae	Varroa	Varroa destructor
GCA_002811675	GCA_002811675|PDIM01010317.1/24581-29480;size=1	1932427	100272	gi|353255978|gb|JN090890.1|	99.11	1798	15	1	6	1802	2	1799	0	3230	1799	Eukaryota	NA	NA	NA	NA	NA	NA	NA	uncultured eukaryote	1	Eukaryota	Opisthokonta	Opisthokonta_X	Opisthokonta_XX	Ichthyosporea	Ichthyosporea_X	Ichthyosporea_XX	Ichthyosporea sp.	Ichthyosporea sp. XGB-2017a
GCA_003069565	GCA_003069565|QCYI01000010.1/1570-7206;size=1	746128	5599	gi|2497604273|gb|CP123359.1|	100	5637	0	0	1	5637	276335	281971	0	10410	2824270	Eukaryota	Fungi	Ascomycota	Pezizomycotina	Dothideomycetes	Pleosporales	Pleosporaceae	Alternaria	Alternaria alternata	1	Eukaryota	Opisthokonta	Fungi	Ascomycota	Eurotiomycetes	Eurotiales	Aspergillaceae	Aspergillus	Aspergillus fumigatus
GCA_003144295	GCA_003144295|KZ819651.1/1-4458;size=1	215250	1821822	gi|2473848585|gb|CP119952.1|	88.32	3416	312	68	1097	4458	1166134	1169516	0	4017	1798441	Eukaryota	Fungi	Basidiomycota	Ustilaginomycotina	Malasseziomycetes	Malasseziales	Malasseziaceae	Malassezia	Malassezia brasiliensis	1	Eukaryota	Opisthokonta	Fungi	Basidiomycota	Exobasidiomycetes	Exobasidiales	Cryptobasidiaceae	Acaromyces	Acaromyces ingoldii
GCA_003184685	GCA_003184685|KZ825484.1/269867-275552;size=1	1450541	97480	gi|1897712164|gb|CP060535.1|	76.292	3193	688	56	2263	5425	2595927	2592774	0	1639	6460204	Eukaryota	Fungi	Ascomycota	Pezizomycotina	Dothideomycetes	Pleosporales	Pleosporaceae	Pyrenophora	Pyrenophora teres	1	Eukaryota	Opisthokonta	Fungi	Ascomycota	Eurotiomycetes	Eurotiales	Aspergillaceae	Aspergillus	Aspergillus indologenus
GCA_003184765	GCA_003184765|KZ824960.1/189049-194250;size=1	1448322	2802321	gi|1966934142|gb|CP068501.1|	80.984	1809	319	22	24	1817	48481	46683	0	1411	1931557	Eukaryota	Fungi	Ascomycota	Pezizomycotina	Dothideomycetes	Pleosporales	Didymellaceae	Stagonosporopsis	Stagonosporopsis rhizophila	1	Eukaryota	Opisthokonta	Fungi	Ascomycota	Eurotiomycetes	Eurotiales	Aspergillaceae	Aspergillus	Aspergillus aculeatinus
GCA_003254425	GCA_003254425|PKMA01000768.1/7110-12754;size=2	580046	121618	gi|2498246034|gb|CP123725.1|	92.194	5662	390	46	3	5640	1365653	1371286	0	7960	2237516	Eukaryota	Fungi	Ascomycota	Pezizomycotina	Dothideomycetes	Botryosphaeriales	Botryosphaeriaceae	Neofusicoccum	Neofusicoccum laricinum	1	Eukaryota	Opisthokonta	Fungi	Ascomycota	Lecanoromycetes	Umbilicariales	Umbilicariaceae	Lasallia	Lasallia hispanica
GCA_003615035	GCA_003615035|ML009396.1/6815-220;size=1	1555241	342097	gi|1654334413|gb|MK946130.1|	95.153	1114	37	16	22	1127	1	1105	0	1742	1105	Eukaryota	NA	NA	NA	NA	NA	NA	NA	uncultured soil eukaryote	1	Eukaryota	Opisthokonta	Fungi	Chytridiomycota	Chytridiomycetes	Caulochytriales	Caulochytriaceae	Caulochytrium	Caulochytrium protostelioides
GCA_004026845	GCA_004026845|PVJQ01065233.1/6401-65;size=1	77598	8078	gi|1900268412|ref|XR_004928190.1|	92.271	2924	183	36	3430	6336	782	3679	0	4108	3688	Eukaryota	Metazoa	Chordata	Craniata	Actinopteri	Cyprinodontiformes	Fundulidae	Fundulus	Fundulus heteroclitus	1	Eukaryota	Opisthokonta	Metazoa	Chordata	Mammalia	Hyracoidea	Procaviidae	Heterohyrax	Heterohyrax brucei
GCA_004155245	GCA_004155245|SAEA01000014.1/1327-5786;size=1	475927	948311	gi|1206257034|emb|LT841250.1|	94.569	4493	189	32	10	4460	1	4480	0	6894	7930	Eukaryota	Fungi	Ascomycota	Pezizomycotina	Sordariomycetes	Hypocreales	Nectriaceae	Fusarium	Fusarium proliferatum	1	Eukaryota	Opisthokonta	Fungi	Ascomycota	Dothideomycetes	Mycosphaerellales	Mycosphaerellaceae	Ramularia	Ramularia coccinea
GCA_004335775	GCA_004335775|QAXG01000150.1/6342-1020;size=1	2056396	355634	gi|2202538974|gb|OM891880.1|	95.186	2721	122	9	2453	5169	2363	5078	0	4290	5563	Eukaryota	NA	Bacillariophyta	NA	Bacillariophyceae	Naviculales	Naviculaceae	Navicula	Navicula arenaria	2	Eukaryota	Archaeplastida	Viridiplantae	Chlorophyta	Chlorophyceae	Chlamydomonadales	Dunaliellaceae	Dunaliella	Dunaliella sp. RO
GCA_004335775	GCA_004335775|QAXG01000430.1/645-6792;size=1	2056396	200886	gi|300078497|gb|GU001159.1|	81.715	968	135	25	3199	4159	1645	2577	0	769	4547	Eukaryota	NA	Tubulinea	NA	Elardia	Leptomyxida	Flabellulidae	Rhizamoeba	Rhizamoeba saxonica	2	Eukaryota	Archaeplastida	Viridiplantae	Chlorophyta	Chlorophyceae	Chlamydomonadales	Dunaliellaceae	Dunaliella	Dunaliella sp. RO
GCA_004367975	GCA_004367975|SCLF01000022.1/4589-1;size=1	2501294	100272	gi|636663555|gb|KJ762809.1|	94.936	1797	87	4	5	1799	1	1795	0	2811	1795	Eukaryota	NA	NA	NA	NA	NA	NA	NA	uncultured eukaryote	2	Eukaryota	Opisthokonta	Metazoa	Chordata	Appendicularia	Copelata	Oikopleuridae	Mesochordaeus	Mesochordaeus erythrocephalus
GCA_004367975	GCA_004367975|SCLF01469173.1/7268-1585;size=1	2501294	1041365	gi|343485972|dbj|AB613238.1|	92.16	2819	195	18	2504	5313	1	2802	0	3958	2802	Eukaryota	NA	NA	NA	Polycystinea	Collodaria	Sphaerozoidae	Collozoum	Collozoum amoeboides	2	Eukaryota	Opisthokonta	Metazoa	Chordata	Appendicularia	Copelata	Oikopleuridae	Mesochordaeus	Mesochordaeus erythrocephalus
GCA_004785735	GCA_004785735|LZQM01045473.1/457-4987;size=1	538668	100272	gi|697250096|emb|LN587784.1|	98.358	731	12	0	710	1440	1	731	0	1284	731	Eukaryota	NA	NA	NA	NA	NA	NA	NA	uncultured eukaryote	1	Eukaryota	Opisthokonta	Metazoa	Nematoda	Chromadorea	Plectida	Plectidae	Plectus	Plectus murrayi
GCA_006112555	GCA_006112555|VBSK01000426.1/248822-243118;size=4	55307	121618	gi|2498246034|gb|CP123725.1|	90.863	3360	256	40	2343	5683	1359473	1362800	0	4457	2237516	Eukaryota	Fungi	Ascomycota	Pezizomycotina	Dothideomycetes	Botryosphaeriales	Botryosphaeriaceae	Neofusicoccum	Neofusicoccum laricinum	1	Eukaryota	Opisthokonta	Fungi	Ascomycota	Pezizomycetes	Pezizales	Tuberaceae	Tuber	Tuber indicum
GCA_006461545	GCA_006461545|SPDX01048151.1/7871-2394;size=1	68408	7765	gi|3603299|gb|AF061797.1|AF061797	93.396	1272	52	7	4198	5438	4481	5751	0	1857	5751	Eukaryota	Metazoa	Chordata	Craniata	Myxini	Myxiniformes	Myxinidae	Eptatretus	Eptatretus stoutii	2	Eukaryota	Opisthokonta	Metazoa	Chordata	Mammalia	Artiodactyla	Moschidae	Moschus	Moschus berezovskii
GCA_008580545	GCA_008580545|BJTW01000095.1/273321-279355;size=22	72019	4881	gi|157780196|gb|EU011932.1|	89.792	2792	243	38	3243	6017	739	3505	0	3539	3512	Eukaryota	NA	NA	NA	Ichthyosporea	Ichthyophonida	Amoebidiaceae	Amoebidium	Amoebidium parasiticum	1	Eukaryota	Opisthokonta	Opisthokonta_X	Opisthokonta_XX	Ichthyosporea	Ichthyophonida	Ichthyophonida	Sphaeroforma	Sphaeroforma arctica
GCA_009733715	GCA_009733715|WMKJ01000236.1/7230-1449;size=1	1749284	121618	gi|2498246034|gb|CP123725.1|	89.604	3155	276	43	2413	5552	1359476	1362593	0	3962	2237516	Eukaryota	Fungi	Ascomycota	Pezizomycotina	Dothideomycetes	Botryosphaeriales	Botryosphaeriaceae	Neofusicoccum	Neofusicoccum laricinum	1	Eukaryota	Opisthokonta	Fungi	Ascomycota	Laboulbeniomycetes	Herpomycetales	Herpomycetaceae	Herpomyces	Herpomyces periplanetae
GCA_009800985	GCA_009800985|VJME01000289.1/4876-1;size=1	5127	4932	gi|1262303|gb|U53879.1|YSCL9634	100	4876	0	0	1	4876	28134	23259	0	9005	39322	Eukaryota	Fungi	Ascomycota	Saccharomycotina	Saccharomycetes	Saccharomycetales	Saccharomycetaceae	Saccharomyces	Saccharomyces cerevisiae	1	Eukaryota	Opisthokonta	Fungi	Ascomycota	Sordariomycetes	Hypocreales	Nectriaceae	Fusarium	Fusarium fujikuroi
GCA_009805225	GCA_009805225|RAOM01000271.1/2320-6859;size=1	2306339	334518	gi|2290295078|gb|CP103004.1|	90.199	2561	196	47	1998	4540	276422	273899	0	3297	1590947	Eukaryota	Fungi	Ascomycota	Pezizomycotina	Leotiomycetes	Phacidiales	Phacidiaceae	Allantophomopsis	Allantophomopsis lycopodina	1	Eukaryota	Opisthokonta	Fungi	Ascomycota	Sordariomycetes	Sordariales	Sordariaceae	Neurospora	Neurospora sp. LNF1-1
GCA_010014465	GCA_010014465|WUCQ03476412.1/4504-16;size=1	63976	59818	gi|1912461452|gb|MN857506.1|	97.403	4505	74	25	1	4489	3201	7678	0	7631	7702	Eukaryota	Metazoa	Arthropoda	Chelicerata	Arachnida	Sarcoptiformes	Acaridae	Tyrophagus	Tyrophagus putrescentiae	1	Eukaryota	Opisthokonta	Metazoa	Arthropoda	Insecta	Lepidoptera	Saturniidae	Actias	Actias luna
GCA_010645155	GCA_010645155|JAAGOF010000202.1/4276-1;size=1	158387	767470	gi|2076208842|emb|OU452315.1|	100	60	0	0	4217	4276	30162555	30162496	1.13e-18	111	32211457	Eukaryota	Metazoa	Arthropoda	Hexapoda	Insecta	Coleoptera	Carabidae	Pterostichus	Pterostichus madidus	1	Eukaryota	Opisthokonta	Metazoa	Arthropoda	Hexanauplia	Harpacticoida	Harpacticidae	Tigriopus	Tigriopus japonicus
GCA_011316645	GCA_011316645|WBRW01000933.1/5218-3;size=1	45479	1804151	gi|1000926255|gb|KU728176.1|	91.851	1853	107	40	1	1821	23	1863	0	2545	1879	Eukaryota	NA	NA	NA	Bigyra	Amphifilida	NA	Sorodiplophrys	Sorodiplophrys stercorea	1	Eukaryota	Opisthokonta	Metazoa	Chordata	Mammalia	Rodentia	Sciuridae	Cynomys	Cynomys gunnisoni
GCA_011317285	GCA_011317285|WUQG02407870.1/1-4133;size=1	6859	7425	gi|1787460780|ref|XR_004228213.1|	90.617	2739	202	43	1426	4133	1	2715	0	3583	3957	Eukaryota	Metazoa	Arthropoda	Hexapoda	Insecta	Hymenoptera	Pteromalidae	Nasonia	Nasonia vitripennis	1	Eukaryota	Opisthokonta	Metazoa	Arthropoda	Arachnida	Scorpiones	Buthidae	Androctonus	Androctonus mauritanicus
GCA_011762765	GCA_011762765|WURS02227789.1/6513-206;size=1	2487776	2051817	gi|1282187830|gb|KY922035.1|	94.689	3201	149	16	2542	5732	1	3190	0	4951	3190	Eukaryota	Metazoa	Arthropoda	Chelicerata	Arachnida	Trombidiformes	Tarsonemidae	NA	Tarsonemidae gen. sp. AD1063	1	Eukaryota	Opisthokonta	Metazoa	Arthropoda	Insecta	Odonata	Chlorocyphidae	Rhinocypha	Rhinocypha anisoptera
GCA_012184295	GCA_012184295|LDUD01000031.1/5713-1614;size=1	1814901	225338	gi|702068358|emb|FO906994.1|	73.065	1344	347	12	333	1667	1366	29	2.6e-124	462	10587	Eukaryota	Fungi	Ascomycota	Pezizomycotina	Dothideomycetes	Pleosporales	Leptosphaeriaceae	Plenodomus	Plenodomus biglobosus	1	Eukaryota	Opisthokonta	Fungi	Ascomycota	Orbiliomycetes	Orbiliales	Orbiliaceae	Dactylella	Dactylella cylindrospora
GCA_012654025	GCA_012654025|JAAEEI010000337.1/569-6588;size=1	38123	1046756	gi|343168990|gb|JN018343.1|	96.433	3420	107	15	2574	5985	1	3413	0	5626	3413	Eukaryota	Metazoa	Arthropoda	Chelicerata	Arachnida	Araneae	NA	NA	Araneoidea sp. JA-2011	1	Eukaryota	Opisthokonta	Metazoa	Arthropoda	Insecta	Hemiptera	Aphalaridae	Pachypsylla	Pachypsylla venusta
GCA_012976215	GCA_012976215|JAAVVH010000097.1/3728-8283;size=1	2652144	82525	gi|2511378107|emb|OX637636.1|	91.332	3415	256	37	1160	4556	7713	4321	0	4630	647864	Eukaryota	Fungi	Basidiomycota	Agaricomycotina	Tremellomycetes	Cystofilobasidiales	Mrakiaceae	Tausonia	Tausonia pullulans	1	Eukaryota	Opisthokonta	Fungi	Basidiomycota	Exobasidiomycetes	Golubeviales	Golubeviaceae	Golubevia	Golubevia sp. BC0812
GCA_013306895	GCA_013306895|VCRJ01000831.1/5004-2;size=1	41734	1294345	gi|768828327|gb|CP006391.1|	99.96	5005	0	1	1	5003	1592978	1587974	0	9230	2396136	Eukaryota	Fungi	Ascomycota	Saccharomycotina	Saccharomycetes	Saccharomycetales	Saccharomycetaceae	Saccharomyces	Saccharomyces cerevisiae	1	Eukaryota	Opisthokonta	Fungi	Ascomycota	Eurotiomycetes	Eurotiales	Aspergillaceae	Aspergillus	Aspergillus latus
GCA_013389805	GCA_013389805|JAAFCE010009126.1/24824271-24832980;size=1	1366115	1712448	gi|1282187826|gb|KY922031.1|	91.765	170	13	1	2	170	2442	2611	1.32e-55	235	3819	Eukaryota	Metazoa	Arthropoda	Chelicerata	Arachnida	Trombidiformes	Trombiculidae	Eutrombicula	Eutrombicula splendens	3	Eukaryota	Opisthokonta	Metazoa	Arthropoda	Diplopoda	Spirobolida	Trigoniulidae	Trigoniulus	Trigoniulus corallinus
GCA_013389805	GCA_013389805|JAAFCE010009127.1/22515213-22519562;size=1	1366115	187676	gi|68144277|gb|DQ016581.1|	89.055	201	20	2	4150	4349	451	650	8.41e-60	248	871	Eukaryota	Metazoa	Arthropoda	Hexapoda	Collembola	Entomobryomorpha	Oncopoduridae	Oncopodura	Oncopodura crassicornis	3	Eukaryota	Opisthokonta	Metazoa	Arthropoda	Diplopoda	Spirobolida	Trigoniulidae	Trigoniulus	Trigoniulus corallinus
GCA_013420745	GCA_013420745|SWAP01000439.1/5748-986;size=1	311387	71001	gi|255966070|gb|FJ600086.1|	99.531	640	2	1	2129	2768	1	639	0	1164	639	Eukaryota	NA	NA	NA	Dinophyceae	Peridiniales	Pfiesteriaceae	Pfiesteria	Pfiesteria piscicida	1	Eukaryota	SAR	Alveolata	Ciliophora	Spirotrichea	Urostylida	Pseudokeronopsidae	Pseudokeronopsis	Pseudokeronopsis flava
GCA_013461505	GCA_013461505|JABNMW010000002.1/3553336-3547758;size=29	475927	78403	gi|2117655946|emb|OU830638.1|	95.348	5610	214	34	1	5579	700935	695342	0	8870	6422716	Eukaryota	Fungi	Ascomycota	Pezizomycotina	Sordariomycetes	Hypocreales	Nectriaceae	Neonectria	Neonectria neomacrospora	12	Eukaryota	Opisthokonta	Fungi	Ascomycota	Dothideomycetes	Mycosphaerellales	Mycosphaerellaceae	Ramularia	Ramularia coccinea
GCA_013461505	GCA_013461505|JABNMW010000012.1/15710-10118;size=1	475927	948311	gi|1206257034|emb|LT841250.1|	93.795	5657	220	109	10	5593	1	5599	0	8381	7930	Eukaryota	Fungi	Ascomycota	Pezizomycotina	Sordariomycetes	Hypocreales	Nectriaceae	Fusarium	Fusarium proliferatum	12	Eukaryota	Opisthokonta	Fungi	Ascomycota	Dothideomycetes	Mycosphaerellales	Mycosphaerellaceae	Ramularia	Ramularia coccinea
GCA_013461505	GCA_013461505|JABNMW010000017.1/25811-31411;size=1	475927	78403	gi|2117655946|emb|OU830638.1|	94.116	5659	210	107	1	5601	700935	695342	0	8492	6422716	Eukaryota	Fungi	Ascomycota	Pezizomycotina	Sordariomycetes	Hypocreales	Nectriaceae	Neonectria	Neonectria neomacrospora	12	Eukaryota	Opisthokonta	Fungi	Ascomycota	Dothideomycetes	Mycosphaerellales	Mycosphaerellaceae	Ramularia	Ramularia coccinea
GCA_013461505	GCA_013461505|JABNMW010000018.1/7162-12753;size=1	475927	78403	gi|2117655946|emb|OU830638.1|	93.984	5652	222	102	1	5592	700935	695342	0	8445	6422716	Eukaryota	Fungi	Ascomycota	Pezizomycotina	Sordariomycetes	Hypocreales	Nectriaceae	Neonectria	Neonectria neomacrospora	12	Eukaryota	Opisthokonta	Fungi	Ascomycota	Dothideomycetes	Mycosphaerellales	Mycosphaerellaceae	Ramularia	Ramularia coccinea
GCA_013461505	GCA_013461505|JABNMW010000020.1/25555-19957;size=1	475927	948311	gi|1206257034|emb|LT841250.1|	94.46	5650	201	86	10	5599	1	5598	0	8597	7930	Eukaryota	Fungi	Ascomycota	Pezizomycotina	Sordariomycetes	Hypocreales	Nectriaceae	Fusarium	Fusarium proliferatum	12	Eukaryota	Opisthokonta	Fungi	Ascomycota	Dothideomycetes	Mycosphaerellales	Mycosphaerellaceae	Ramularia	Ramularia coccinea
GCA_013461505	GCA_013461505|JABNMW010000020.1/8753-3153;size=1	475927	948311	gi|1206257034|emb|LT841250.1|	93.652	5671	215	115	1	5601	4	5599	0	8344	7930	Eukaryota	Fungi	Ascomycota	Pezizomycotina	Sordariomycetes	Hypocreales	Nectriaceae	Fusarium	Fusarium proliferatum	12	Eukaryota	Opisthokonta	Fungi	Ascomycota	Dothideomycetes	Mycosphaerellales	Mycosphaerellaceae	Ramularia	Ramularia coccinea
GCA_013461505	GCA_013461505|JABNMW010000025.1/22174-26867;size=1	475927	78403	gi|2117655946|emb|OU830638.1|	93.404	4745	210	86	1	4694	700935	696243	0	6933	6422716	Eukaryota	Fungi	Ascomycota	Pezizomycotina	Sordariomycetes	Hypocreales	Nectriaceae	Neonectria	Neonectria neomacrospora	12	Eukaryota	Opisthokonta	Fungi	Ascomycota	Dothideomycetes	Mycosphaerellales	Mycosphaerellaceae	Ramularia	Ramularia coccinea
GCA_013461505	GCA_013461505|JABNMW010000027.1/23018-17396;size=1	475927	78403	gi|2117655946|emb|OU830638.1|	94.107	5668	215	95	1	5623	700935	695342	0	8506	6422716	Eukaryota	Fungi	Ascomycota	Pezizomycotina	Sordariomycetes	Hypocreales	Nectriaceae	Neonectria	Neonectria neomacrospora	12	Eukaryota	Opisthokonta	Fungi	Ascomycota	Dothideomycetes	Mycosphaerellales	Mycosphaerellaceae	Ramularia	Ramularia coccinea
GCA_013461505	GCA_013461505|JABNMW010000027.1/6192-614;size=1	475927	78403	gi|2117655946|emb|OU830638.1|	94.409	5634	219	77	1	5579	700934	695342	0	8571	6422716	Eukaryota	Fungi	Ascomycota	Pezizomycotina	Sordariomycetes	Hypocreales	Nectriaceae	Neonectria	Neonectria neomacrospora	12	Eukaryota	Opisthokonta	Fungi	Ascomycota	Dothideomycetes	Mycosphaerellales	Mycosphaerellaceae	Ramularia	Ramularia coccinea
GCA_013461505	GCA_013461505|JABNMW010000029.1/8255-13837;size=1	475927	78403	gi|2117655946|emb|OU830638.1|	94.502	5638	211	83	1	5583	700935	695342	0	8602	6422716	Eukaryota	Fungi	Ascomycota	Pezizomycotina	Sordariomycetes	Hypocreales	Nectriaceae	Neonectria	Neonectria neomacrospora	12	Eukaryota	Opisthokonta	Fungi	Ascomycota	Dothideomycetes	Mycosphaerellales	Mycosphaerellaceae	Ramularia	Ramularia coccinea
GCA_013461505	GCA_013461505|JABNMW010000037.1/15006-20021;size=1	475927	948311	gi|1206257034|emb|LT841250.1|	94.187	5058	200	74	10	5016	1	5015	0	7625	7930	Eukaryota	Fungi	Ascomycota	Pezizomycotina	Sordariomycetes	Hypocreales	Nectriaceae	Fusarium	Fusarium proliferatum	12	Eukaryota	Opisthokonta	Fungi	Ascomycota	Dothideomycetes	Mycosphaerellales	Mycosphaerellaceae	Ramularia	Ramularia coccinea
GCA_013461505	GCA_013461505|JABNMW010000037.1/6586-12188;size=1	475927	78403	gi|2117655946|emb|OU830638.1|	94.407	5650	213	85	1	5603	700935	695342	0	8588	6422716	Eukaryota	Fungi	Ascomycota	Pezizomycotina	Sordariomycetes	Hypocreales	Nectriaceae	Neonectria	Neonectria neomacrospora	12	Eukaryota	Opisthokonta	Fungi	Ascomycota	Dothideomycetes	Mycosphaerellales	Mycosphaerellaceae	Ramularia	Ramularia coccinea
GCA_014048405	GCA_014048405|WUAN02037988.1/2069-7480;size=1	76206	474300	gi|386696199|gb|JQ000372.1|	95.324	2609	112	9	2811	5412	1	2606	0	4154	3740	Eukaryota	Metazoa	Arthropoda	Chelicerata	Arachnida	Sarcoptiformes	Suidasiidae	Suidasia	Suidasia nesbitti	2	Eukaryota	Opisthokonta	Metazoa	Arthropoda	Insecta	Lepidoptera	Papilionidae	Graphium	Graphium doson
GCA_014656915	GCA_014656915|JAAVTP020004990.1/4957-1;size=7	245074	7868	gi|2065654823|ref|XR_006086018.1|	99.561	1824	8	0	10	1833	1	1824	0	3325	1824	Eukaryota	Metazoa	Chordata	Craniata	Chondrichthyes	Chimaeriformes	Callorhinchidae	Callorhinchus	Callorhinchus milii	3	Eukaryota	Opisthokonta	Metazoa	Chordata	Hyperoartia	Petromyzontiformes	Petromyzontidae	Entosphenus	Entosphenus tridentatus
GCA_014825825	GCA_014825825|JACXIJ010000073.1/4058-8605;size=1	686820	223436	gi|386696239|gb|JQ000412.1|	94.849	3805	164	27	720	4517	1	3780	0	5912	3780	Eukaryota	Metazoa	Arthropoda	Chelicerata	Arachnida	Sarcoptiformes	Acaridae	Acarus	Acarus immobilis	1	Eukaryota	Opisthokonta	Metazoa	Arthropoda	Insecta	Hymenoptera	Apidae	Bombus	Bombus turneri
GCA_015164055	GCA_015164055|WUAR02000007.1/21579-16483;size=1	2039479	107757	gi|110950610|gb|DQ779991.1|	91.267	2187	161	24	2924	5097	3159	5328	0	2953	5897	Eukaryota	NA	NA	NA	Dinophyceae	Gymnodiniales	Gymnodiniaceae	Gymnodinium	Gymnodinium aureolum	1	Eukaryota	Opisthokonta	Metazoa	Cnidaria	Scyphozoa	Semaeostomeae	Pelagiidae	Chrysaora	Chrysaora achlyos
GCA_015179045	GCA_015179045|WHUZ01000085.1/252953-258752;size=2	139406	334518	gi|2290295078|gb|CP103004.1|	89.761	3389	267	63	2435	5793	260270	256932	0	4263	1590947	Eukaryota	Fungi	Ascomycota	Pezizomycotina	Leotiomycetes	Phacidiales	Phacidiaceae	Allantophomopsis	Allantophomopsis lycopodina	1	Eukaryota	Opisthokonta	Fungi	Ascomycota	Pezizomycetes	Pezizales	Pezizaceae	Kalaharituber	Kalaharituber pfeilii
GCA_016109495	GCA_016109495|JADWPL010000041.1/73559-79044;size=1	1851183	2802321	gi|1966934142|gb|CP068501.1|	87.395	1785	202	18	1	1772	48481	46707	0	2028	1931557	Eukaryota	Fungi	Ascomycota	Pezizomycotina	Dothideomycetes	Pleosporales	Didymellaceae	Stagonosporopsis	Stagonosporopsis rhizophila	1	Eukaryota	Opisthokonta	Fungi	Ascomycota	Eurotiomycetes	Chaetothyriales	Herpotrichiellaceae	Phialophora	Phialophora tarda
GCA_016433095	GCA_016433095|JAEFBM010008565.1/954-6377;size=1	37186	404732	gi|166084200|gb|EF024723.1|	91.872	1784	112	27	12	1773	1	1773	0	2462	1773	Eukaryota	NA	NA	NA	Dinophyceae	Peridiniales	Heterocapsaceae	NA	Heterocapsaceae environmental sample	2	Eukaryota	Opisthokonta	Metazoa	Chordata	Mammalia	Artiodactyla	Bovidae	Hippotragus	Hippotragus equinus
GCA_016785225	GCA_016785225|JAFBJZ010000481.1/11724-6200;size=1	195640	2026621	gi|1823684076|gb|MT232522.1|	99.385	1788	4	6	6	1788	1	1786	0	3234	1786	Eukaryota	NA	NA	NA	Bigyra	Thraustochytrida	Thraustochytriaceae	NA	Thraustochytriaceae sp.	1	Eukaryota	Opisthokonta	Metazoa	Chordata	Actinopteri	Pleuronectiformes	Psettodidae	Psettodes	Psettodes erumei
GCA_016906335	GCA_016906335|JADEYG010000002.1/1411867-1417527;size=11	2605921	130807	gi|1209454337|ref|NG_055319.1|	85.048	3304	353	98	2352	5613	1	3205	0	3234	3205	Eukaryota	Fungi	Ascomycota	Saccharomycotina	Saccharomycetes	Saccharomycetales	Debaryomycetaceae	Danielozyma	Danielozyma ontarioensis	1	Eukaryota	Opisthokonta	Fungi	Ascomycota	Taphrinomycotina	Taphrinomycotina i.s.	Taphrinomycotina i.s.	Novakomyces	Novakomyces olei
GCA_017309775	GCA_017309775|JABUMW010000498.1/5930-1;size=1	432429	1415580	gi|1716979003|ref|XR_003941210.1|	98.901	182	2	0	1	182	2673	2854	5.16e-83	326	4025	Eukaryota	Metazoa	Chordata	Craniata	Amphibia	Gymnophiona	Siphonopidae	Microcaecilia	Microcaecilia unicolor	2	Eukaryota	Opisthokonta	Metazoa	Chordata	Actinopteri	Cypriniformes	Paedocyprididae	Paedocypris	Paedocypris sp. Pulau Singkep
GCA_018232805	GCA_018232805|DVSM01000703.1/6073-813;size=1	1653868	862250	gi|300521447|gb|GQ377652.1|	99.748	1588	2	2	116	1702	4	1590	0	2909	1590	Eukaryota	NA	NA	NA	NA	NA	NA	NA	Eukaryota sp. ATCC 50646	2	Eukaryota	Opisthokonta	Metazoa	Arthropoda	Insecta	Lepidoptera	Nymphalidae	Junonia	Junonia nigrosuffusa
GCA_018233165	GCA_018233165|DVSS01000005.1/1728-8461;size=1	2691984	1111414	gi|386696168|gb|JQ000341.1|	86.61	2935	293	77	2809	5708	1	2870	0	3153	3798	Eukaryota	Metazoa	Arthropoda	Chelicerata	Arachnida	Sarcoptiformes	Ctenacaridae	Ctenacarus	Ctenacarus sp. 1 PBK-2011	1	Eukaryota	Opisthokonta	Metazoa	Arthropoda	Insecta	Lepidoptera	Nymphalidae	Junonia	Junonia stemosa
GCA_018246235	GCA_018246235|DWLQ01005124.1/4574-1;size=1	2064775	59818	gi|1912461452|gb|MN857506.1|	99.65	4577	13	2	1	4574	1936	6512	0	8360	7702	Eukaryota	Metazoa	Arthropoda	Chelicerata	Arachnida	Sarcoptiformes	Acaridae	Tyrophagus	Tyrophagus putrescentiae	2	Eukaryota	Opisthokonta	Metazoa	Arthropoda	Insecta	Lepidoptera	Papilionidae	Ornithoptera	Ornithoptera richmondia
GCA_018248015	GCA_018248015|DWHX01012120.1/5405-1;size=1	2064825	474300	gi|386696199|gb|JQ000372.1|	95.362	2609	110	11	2805	5405	1	2606	0	4157	3740	Eukaryota	Metazoa	Arthropoda	Chelicerata	Arachnida	Sarcoptiformes	Suidasiidae	Suidasia	Suidasia nesbitti	2	Eukaryota	Opisthokonta	Metazoa	Arthropoda	Insecta	Lepidoptera	Papilionidae	Atrophaneura	Atrophaneura dixoni
GCA_018410145	GCA_018410145|JAGUQL010000038.1/2-5107;size=1	70792	62690	gi|1564980462|emb|LR026995.1|	99.51	5107	19	5	1	5106	529540	524439	0	9287	3400584	Eukaryota	Fungi	Ascomycota	Pezizomycotina	Leotiomycetes	Erysiphales	Erysiphaceae	Blumeria	Blumeria graminis	1	Eukaryota	Opisthokonta	Fungi	Ascomycota	Eurotiomycetes	Eurotiales	Aspergillaceae	Penicillium	Penicillium corylophilum
GCA_018410175	GCA_018410175|JAGUQK010000041.1/2-5107;size=1	70792	62690	gi|1564980462|emb|LR026995.1|	99.51	5107	19	5	1	5106	529540	524439	0	9287	3400584	Eukaryota	Fungi	Ascomycota	Pezizomycotina	Leotiomycetes	Erysiphales	Erysiphaceae	Blumeria	Blumeria graminis	1	Eukaryota	Opisthokonta	Fungi	Ascomycota	Eurotiomycetes	Eurotiales	Aspergillaceae	Penicillium	Penicillium corylophilum
GCA_018983055	GCA_018983055|JAGYIC010007853.1/5542-151;size=1	29960	100272	gi|291262201|gb|GU927303.1|	81.629	528	42	36	1399	1915	8	491	2.12e-101	387	491	Eukaryota	NA	NA	NA	NA	NA	NA	NA	uncultured eukaryote	1	Eukaryota	Opisthokonta	Metazoa	Arthropoda	Malacostraca	Decapoda	Penaeidae	Penaeus	Penaeus indicus
GCA_019155205	GCA_019155205|JAHNZQ020000009.1/528-6246;size=1	2608709	100272	gi|67624902|dbj|AB191413.1|	95.915	1738	61	7	59	1796	1	1728	0	2808	1728	Eukaryota	NA	NA	NA	NA	NA	NA	NA	uncultured eukaryote	5	Eukaryota	Archaeplastida	Rhodophyta	Rhodophyta	Florideophyceae	Gracilariales	Gracilariaceae	Agarophyton	Agarophyton vermiculophyllum
GCA_019155205	GCA_019155205|JAHNZQ020000021.1/50-5946;size=1	2608709	203449	gi|288886487|gb|GU385678.1|	98.077	1040	13	2	1	1034	217	1255	0	1805	1740	Eukaryota	NA	NA	NA	NA	NA	NA	NA	uncultured marine eukaryote	5	Eukaryota	Archaeplastida	Rhodophyta	Rhodophyta	Florideophyceae	Gracilariales	Gracilariaceae	Agarophyton	Agarophyton vermiculophyllum
GCA_019155205	GCA_019155205|JAHNZQ020000023.1/828-5557;size=1	2608709	672143	gi|258537142|gb|FJ821498.1|	99.282	1810	10	3	19	1827	1	1808	0	3267	1808	Eukaryota	NA	NA	NA	Bigyra	Thraustochytrida	Thraustochytriaceae	Thraustochytrium	Thraustochytrium sp. KL1	5	Eukaryota	Archaeplastida	Rhodophyta	Rhodophyta	Florideophyceae	Gracilariales	Gracilariaceae	Agarophyton	Agarophyton vermiculophyllum
GCA_019155205	GCA_019155205|JAHNZQ020000029.1/5337-4;size=1	2608709	1314683	gi|2206682170|gb|OM966643.1|	98.045	2915	40	10	2141	5045	3084	5991	0	5051	6922	Eukaryota	NA	NA	NA	NA	Apusomonadida	Apusomonadidae	Multimonas	Multimonas media	5	Eukaryota	Archaeplastida	Rhodophyta	Rhodophyta	Florideophyceae	Gracilariales	Gracilariaceae	Agarophyton	Agarophyton vermiculophyllum
GCA_019155205	GCA_019155205|JAHNZQ020000035.1/1-4505;size=1	2608709	152704	gi|385663336|gb|JQ781891.1|	98.918	647	7	0	1	647	1216	1862	0	1157	1862	Eukaryota	NA	NA	NA	NA	NA	NA	NA	uncultured stramenopile	5	Eukaryota	Archaeplastida	Rhodophyta	Rhodophyta	Florideophyceae	Gracilariales	Gracilariaceae	Agarophyton	Agarophyton vermiculophyllum
GCA_019616975	GCA_019616975|WSTL01000655.1/3979-8217;size=1	2600209	175245	gi|1063194685|gb|KU900856.1|	93.479	2837	171	12	395	3226	524	3351	0	4202	3569	Eukaryota	Fungi	NA	NA	NA	NA	NA	NA	uncultured fungus	1	Eukaryota	Opisthokonta	Fungi	Basidiomycota	Agaricomycetes	Sebacinales	Serendipitaceae	Serendipita	Serendipita sp. 396
GCA_019623665	GCA_019623665|WSTM01000620.1/6041-10281;size=1	2600210	175245	gi|1063194685|gb|KU900856.1|	93.479	2837	171	12	401	3232	524	3351	0	4202	3569	Eukaryota	Fungi	NA	NA	NA	NA	NA	NA	uncultured fungus	1	Eukaryota	Opisthokonta	Fungi	Basidiomycota	Agaricomycetes	Sebacinales	Serendipitaceae	Serendipita	Serendipita sp. 397
GCA_019623675	GCA_019623675|WSTN01000662.1/4055-8293;size=1	2600211	175245	gi|1063194685|gb|KU900856.1|	93.479	2837	171	12	395	3226	524	3351	0	4202	3569	Eukaryota	Fungi	NA	NA	NA	NA	NA	NA	uncultured fungus	1	Eukaryota	Opisthokonta	Fungi	Basidiomycota	Agaricomycetes	Sebacinales	Serendipitaceae	Serendipita	Serendipita sp. 398
GCA_019627725	GCA_019627725|WSTQ01000522.1/4492-8734;size=1	2600214	175245	gi|1063194685|gb|KU900856.1|	93.479	2837	171	12	399	3230	524	3351	0	4202	3569	Eukaryota	Fungi	NA	NA	NA	NA	NA	NA	uncultured fungus	1	Eukaryota	Opisthokonta	Fungi	Basidiomycota	Agaricomycetes	Sebacinales	Serendipitaceae	Serendipita	Serendipita sp. 401
GCA_019627735	GCA_019627735|WSTP01000649.1/10197-5960;size=1	2600213	175245	gi|1063194685|gb|KU900856.1|	93.479	2837	171	12	395	3226	524	3351	0	4202	3569	Eukaryota	Fungi	NA	NA	NA	NA	NA	NA	uncultured fungus	1	Eukaryota	Opisthokonta	Fungi	Basidiomycota	Agaricomycetes	Sebacinales	Serendipitaceae	Serendipita	Serendipita sp. 400
GCA_019627745	GCA_019627745|WSTR01000872.1/4249-14;size=1	2600215	175245	gi|1063194685|gb|KU900856.1|	93.479	2837	171	12	396	3227	524	3351	0	4202	3569	Eukaryota	Fungi	NA	NA	NA	NA	NA	NA	uncultured fungus	1	Eukaryota	Opisthokonta	Fungi	Basidiomycota	Agaricomycetes	Sebacinales	Serendipitaceae	Serendipita	Serendipita sp. 405
GCA_019627755	GCA_019627755|WSTS01000908.1/4170-2;size=1	2600216	175245	gi|1063194685|gb|KU900856.1|	93.479	2837	171	12	396	3227	524	3351	0	4202	3569	Eukaryota	Fungi	NA	NA	NA	NA	NA	NA	uncultured fungus	1	Eukaryota	Opisthokonta	Fungi	Basidiomycota	Agaricomycetes	Sebacinales	Serendipitaceae	Serendipita	Serendipita sp. 411
GCA_019633565	GCA_019633565|WSUH01000026.1/4491-8734;size=1	2136033	175245	gi|1063194685|gb|KU900856.1|	93.479	2837	171	12	400	3231	524	3351	0	4202	3569	Eukaryota	Fungi	NA	NA	NA	NA	NA	NA	uncultured fungus	1	Eukaryota	Opisthokonta	Fungi	Basidiomycota	Agaricomycetes	Sebacinales	Serendipitaceae	Serendipita	Serendipita sp. 407
GCA_019775275	GCA_019775275|JACWGB010000032.1/1121-7207;size=1	2756251	62690	gi|1564980462|emb|LR026995.1|	99.509	5096	21	4	1	5096	530088	524997	0	9269	3400584	Eukaryota	Fungi	Ascomycota	Pezizomycotina	Leotiomycetes	Erysiphales	Erysiphaceae	Blumeria	Blumeria graminis	1	Eukaryota	Opisthokonta	Fungi	Ascomycota	Eurotiomycetes	Eurotiales	Aspergillaceae	Penicillium	Penicillium sp. VS AB III KN
GCA_019775305	GCA_019775305|JACWGC010000003.1/1121-7207;size=1	2756252	62690	gi|1564980462|emb|LR026995.1|	99.509	5096	21	4	1	5096	530088	524997	0	9269	3400584	Eukaryota	Fungi	Ascomycota	Pezizomycotina	Leotiomycetes	Erysiphales	Erysiphaceae	Blumeria	Blumeria graminis	1	Eukaryota	Opisthokonta	Fungi	Ascomycota	Eurotiomycetes	Eurotiales	Aspergillaceae	Penicillium	Penicillium sp. VS AB III KN 1
GCA_019776445	GCA_019776445|JABASH010005619.1/7673-3378;size=1	2724627	362091	gi|2095608989|emb|OU611920.1|	97.26	73	2	0	4224	4296	6883775	6883703	1.46e-22	124	8137216	Eukaryota	Metazoa	Arthropoda	Hexapoda	Insecta	Hymenoptera	Tenthredinidae	Tenthredo	Tenthredo notha	1	Eukaryota	Opisthokonta	Metazoa	Arthropoda	Collembola	Entomobryomorpha	Tomoceridae	Tomocerus	Tomocerus maximus
GCA_019924265	GCA_019924265|JAHFXL010000167.1/1476-7059;size=1	46634	39412	gi|336088197|dbj|AB550776.1|	92.661	3829	163	77	1779	5584	1	3734	0	5408	4486	Eukaryota	Fungi	Ascomycota	Pezizomycotina	Eurotiomycetes	Chaetothyriales	Herpotrichiellaceae	Phialophora	Phialophora verrucosa	1	Eukaryota	Opisthokonta	Fungi	Ascomycota	Dothideomycetes	Dothideales	Saccotheciaceae	Aureobasidium	Aureobasidium melanogenum
GCA_020080175	GCA_020080175|JAGHQL010000301.1/13536-7198;size=1	1670608	61207	gi|2006618635|gb|CP063407.1|	89.967	3379	263	57	1286	4651	3135054	3138369	0	4292	4062641	Eukaryota	Fungi	Ascomycota	Pezizomycotina	Leotiomycetes	Helotiales	Sclerotiniaceae	Monilinia	Monilinia vaccinii-corymbosi	1	Eukaryota	Opisthokonta	Fungi	Ascomycota	Geoglossomycetes	Geoglossales	Geoglossaceae	Glutinoglossum	Glutinoglossum americanum
GCA_020740345	GCA_020740345|JAJALL010000560.1/6957-1254;size=1	182845	4959	gi|2438930075|gb|CP045117.1|	97.278	5732	118	25	9	5704	1443539	1437810	0	9686	2201303	Eukaryota	Fungi	Ascomycota	Saccharomycotina	Saccharomycetes	Saccharomycetales	Debaryomycetaceae	Debaryomyces	Debaryomyces hansenii	1	Eukaryota	Opisthokonta	Fungi	Ascomycota	Sordariomycetes	Hypocreales	Nectriaceae	Calonectria	Calonectria ilicicola
GCA_021030935	GCA_021030935|JAGFMW010000006.1/6830-1267;size=1	2820137	111670	gi|2442350472|gb|OL694682.1|	88.422	1356	129	20	2583	3919	4730	6076	0	1609	8311	Eukaryota	Fungi	Ascomycota	Pezizomycotina	Lecanoromycetes	Lecanorales	Cladoniaceae	Cladonia	Cladonia rangiferina	1	Eukaryota	Opisthokonta	Fungi	Ascomycota	Dothideomycetes	Trypetheliales	Trypetheliaceae	Astrothelium	Astrothelium subdiscretum
GCA_021030975	GCA_021030975|JAGFMK010000789.1/6822-1219;size=1	1263500	28572	gi|1580986192|gb|CP036229.1|	88.88	4982	420	103	1	4938	25535	30426	0	6008	1640507	Eukaryota	Fungi	Ascomycota	Pezizomycotina	Eurotiomycetes	Eurotiales	Trichocomaceae	Talaromyces	Talaromyces funiculosus	1	Eukaryota	Opisthokonta	Fungi	Ascomycota	Dothideomycetes	Dothideomycetes_X	Lichenotheliaceae	Lichenothelia	Lichenothelia convexa
GCA_021527555	GCA_021527555|JAJDFA010000421.1/9590-13608;size=1	1670608	2082646	gi|16233731|gb|AY016343.1|	92.431	2180	111	38	24	2174	1	2155	0	3062	2155	Eukaryota	Fungi	Ascomycota	Pezizomycotina	Dothideomycetes	Dothideales	Dothioraceae	Dothiora	Dothiora ribesia	1	Eukaryota	Opisthokonta	Fungi	Ascomycota	Geoglossomycetes	Geoglossales	Geoglossaceae	Glutinoglossum	Glutinoglossum americanum
GCA_022343385	GCA_022343385|DWSD010000233.1/5413-1;size=1	76206	474300	gi|386696199|gb|JQ000372.1|	95.364	2610	111	10	2810	5413	1	2606	0	4161	3740	Eukaryota	Metazoa	Arthropoda	Chelicerata	Arachnida	Sarcoptiformes	Suidasiidae	Suidasia	Suidasia nesbitti	2	Eukaryota	Opisthokonta	Metazoa	Arthropoda	Insecta	Lepidoptera	Papilionidae	Graphium	Graphium doson
GCA_022345705	GCA_022345705|JAJDMY020000002.1/2346-6848;size=1	1265596	40559	gi|2207974492|gb|CP080964.1|	91.871	4527	301	55	2	4503	10335	5851	0	6259	2580065	Eukaryota	Fungi	Ascomycota	Pezizomycotina	Leotiomycetes	Helotiales	Sclerotiniaceae	Botrytis	Botrytis cinerea	1	Eukaryota	Opisthokonta	Fungi	Ascomycota	Geoglossomycetes	Geoglossales	Geoglossaceae	Sabuloglossum	Sabuloglossum arenarium
GCA_022432515	GCA_022432515|JAJKLA010000086.1/16223-22535;size=7	2614607	1709941	gi|983784009|gb|KT289769.1|	99.793	1930	4	0	164	2093	1	1930	0	3542	1930	Eukaryota	Fungi	NA	NA	NA	NA	NA	NA	fungal sp.	1	Eukaryota	Opisthokonta	Fungi	Ascomycota	Sordariomycetes	Xylariales	Hypoxylaceae	Hypoxylon	Hypoxylon sp. NC0597
GCA_022813135	GCA_022813135|JAKLNH010000152.1/4793-136;size=1	69771	62690	gi|1564980462|emb|LR026995.1|	99.372	3664	20	3	1	3664	528657	524997	0	6636	3400584	Eukaryota	Fungi	Ascomycota	Pezizomycotina	Leotiomycetes	Erysiphales	Erysiphaceae	Blumeria	Blumeria graminis	1	Eukaryota	Opisthokonta	Fungi	Ascomycota	Eurotiomycetes	Eurotiales	Aspergillaceae	Penicillium	Penicillium decumbens
GCA_022813185	GCA_022813185|JAKLMZ010000018.1/34640-41437;size=1	3025428	1769355	gi|2463204176|gb|OQ673103.1|	98.231	1865	32	1	4071	5935	1454	3317	0	3260	3803	Eukaryota	Fungi	Ascomycota	Pezizomycotina	Dothideomycetes	Dothideales	NA	NA	Dothideales sp.	1	Eukaryota	Opisthokonta	Fungi	Ascomycota	Eurotiomycetes	Chaetothyriales	Trichomeriaceae	Floridaphiala	Floridaphiala radiotolerans
GCA_022813305	GCA_022813305|JAKLMS010000005.1/728662-724006;size=1	69771	62690	gi|1564980462|emb|LR026995.1|	99.372	3665	19	4	1	3665	528657	524997	0	6637	3400584	Eukaryota	Fungi	Ascomycota	Pezizomycotina	Leotiomycetes	Erysiphales	Erysiphaceae	Blumeria	Blumeria graminis	1	Eukaryota	Opisthokonta	Fungi	Ascomycota	Eurotiomycetes	Eurotiales	Aspergillaceae	Penicillium	Penicillium decumbens
GCA_022813495	GCA_022813495|JAKLMI010000523.1/5697-27;size=1	3025427	91925	gi|1538946177|gb|CP034379.1|	93.123	5671	290	74	3	5601	491368	485726	0	8220	2385420	Eukaryota	Fungi	Ascomycota	Pezizomycotina	Eurotiomycetes	Chaetothyriales	Herpotrichiellaceae	Exophiala	Exophiala lecanii-corni	1	Eukaryota	Opisthokonta	Fungi	Ascomycota	Dothideomycetes	Dothideomycetes_X	Dothideomycetes_XX	Pasadenomyces	Pasadenomyces melaninifex
GCA_022813615	GCA_022813615|JAKLMC010000093.1/878-6570;size=1	191047	91925	gi|1538946177|gb|CP034379.1|	93.037	5716	303	67	10	5667	491362	485684	0	8263	2385420	Eukaryota	Fungi	Ascomycota	Pezizomycotina	Eurotiomycetes	Chaetothyriales	Herpotrichiellaceae	Exophiala	Exophiala lecanii-corni	1	Eukaryota	Opisthokonta	Fungi	Ascomycota	Leotiomycetes	Helotiales	Mollisiaceae	Phialocephala	Phialocephala fluminis
GCA_022813755	GCA_022813755|JAKLLV010000041.1/8332-3086;size=1	1758464	317029	gi|2243791528|emb|OW971925.1|	100	5247	0	0	1	5247	1970332	1975578	0	9690	3571152	Eukaryota	Fungi	Ascomycota	Pezizomycotina	Sordariomycetes	Hypocreales	Hypocreaceae	Trichoderma	Trichoderma pseudokoningii	1	Eukaryota	Opisthokonta	Fungi	Ascomycota	Dothideomycetes	Cladosporiales	Cladosporiaceae	Cladosporium	Cladosporium austrohemisphaericum
GCA_023089405	GCA_023089405|JAJNLY010000548.1/836-5247;size=1	85927	78403	gi|2117655946|emb|OU830638.1|	89.406	4446	374	85	9	4412	700926	696536	0	5511	6422716	Eukaryota	Fungi	Ascomycota	Pezizomycotina	Sordariomycetes	Hypocreales	Nectriaceae	Neonectria	Neonectria neomacrospora	1	Eukaryota	Opisthokonta	Fungi	Ascomycota	Dothideomycetes	Botryosphaeriales	Botryosphaeriaceae	Diplodia	Diplodia mutila
GCA_023619735	GCA_023619735|JALZYP010000034.1/3485-7988;size=1	2940397	2022760	gi|2471357334|gb|CP120497.1|	94.82	4517	189	36	1	4504	50315	45831	0	7003	3496266	Eukaryota	Fungi	Ascomycota	Pezizomycotina	Sordariomycetes	Xylariales	Apiosporaceae	Nigrospora	Nigrospora osmanthi	1	Eukaryota	Opisthokonta	Fungi	Ascomycota	Eurotiomycetes	Eurotiales	Aspergillaceae	Aspergillus	Aspergillus sp. F3601
GCA_023623735	GCA_023623735|JAMADD010000134.1/7093-1622;size=1	128442	36015	gi|2508740335|gb|CP125797.1|	99.379	5472	31	3	1	5472	40641	35173	0	9913	1009114	Eukaryota	Fungi	Ascomycota	Saccharomycotina	Saccharomycetes	Saccharomycetales	Pichiaceae	Pichia	Pichia kluyveri	1	Eukaryota	Opisthokonta	Fungi	Ascomycota	Eurotiomycetes	Eurotiales	Trichocomaceae	Talaromyces	Talaromyces pinophilus
GCA_023625635	GCA_023625635|JAMAFM010000023.1/6033-320;size=1	2940388	4959	gi|2438930075|gb|CP045117.1|	97.684	5742	95	31	1	5714	1443542	1437811	0	9832	2201303	Eukaryota	Fungi	Ascomycota	Saccharomycotina	Saccharomycetes	Saccharomycetales	Debaryomycetaceae	Debaryomyces	Debaryomyces hansenii	1	Eukaryota	Opisthokonta	Fungi	Ascomycota	Eurotiomycetes	Eurotiales	Aspergillaceae	Aspergillus	Aspergillus sp. PG3605
GCA_023625675	GCA_023625675|JAMAFL010000022.1/3544-9257;size=1	2940389	4959	gi|2438930075|gb|CP045117.1|	97.666	5742	96	31	1	5714	1443542	1437811	0	9827	2201303	Eukaryota	Fungi	Ascomycota	Saccharomycotina	Saccharomycetes	Saccharomycetales	Debaryomycetaceae	Debaryomyces	Debaryomyces hansenii	1	Eukaryota	Opisthokonta	Fungi	Ascomycota	Eurotiomycetes	Eurotiales	Aspergillaceae	Penicillium	Penicillium sp. R2202
GCA_023625795	GCA_023625795|JAMAFS010000167.1/6188-507;size=1	2940382	443226	gi|2042103418|gb|CP075073.1|	94.047	5728	265	59	4	5682	54510	60210	0	8619	119732	Eukaryota	Fungi	Ascomycota	Pezizomycotina	Eurotiomycetes	Onygenales	Onygenaceae	Coccidioides	Coccidioides posadasii	1	Eukaryota	Opisthokonta	Fungi	Ascomycota	Saccharomycetes	Saccharomycetales	Debaryomycetaceae	Debaryomycetaceae_X	Debaryomycetaceae sp. 2NR914
GCA_023625815	GCA_023625815|JAMAFT010000082.1/1460-7140;size=1	2940381	443226	gi|2042103418|gb|CP075073.1|	96.868	5715	136	32	1	5681	46683	52388	0	9522	119732	Eukaryota	Fungi	Ascomycota	Pezizomycotina	Eurotiomycetes	Onygenales	Onygenaceae	Coccidioides	Coccidioides posadasii	1	Eukaryota	Opisthokonta	Fungi	Ascomycota	Saccharomycetes	Saccharomycetales	Debaryomycetaceae	Debaryomycetaceae_X	Debaryomycetaceae sp. Y9007B-2
GCA_023628535	GCA_023628535|JAMAKK010000541.1/4491-1;size=1	38033	746128	gi|2447143670|gb|CP084978.1|	99.978	4491	0	1	1	4491	465429	460940	0	8287	3715983	Eukaryota	Fungi	Ascomycota	Pezizomycotina	Eurotiomycetes	Eurotiales	Aspergillaceae	Aspergillus	Aspergillus fumigatus	2	Eukaryota	Opisthokonta	Fungi	Ascomycota	Sordariomycetes	Sordariales	Chaetomiaceae	Chaetomium	Chaetomium globosum
GCA_023628635	GCA_023628635|JAMAKH010000599.1/4450-1;size=1	38033	182096	gi|1968763071|dbj|AP024422.1|	99.82	4454	4	1	1	4450	2718332	2722785	0	8178	2801472	Eukaryota	Fungi	Ascomycota	Pezizomycotina	Eurotiomycetes	Eurotiales	Aspergillaceae	Aspergillus	Aspergillus chevalieri	2	Eukaryota	Opisthokonta	Fungi	Ascomycota	Sordariomycetes	Sordariales	Chaetomiaceae	Chaetomium	Chaetomium globosum
GCA_023628675	GCA_023628675|JAMAKG010000535.1/4491-1;size=1	38033	746128	gi|2447143670|gb|CP084978.1|	99.978	4491	0	1	1	4491	465429	460940	0	8287	3715983	Eukaryota	Fungi	Ascomycota	Pezizomycotina	Eurotiomycetes	Eurotiales	Aspergillaceae	Aspergillus	Aspergillus fumigatus	2	Eukaryota	Opisthokonta	Fungi	Ascomycota	Sordariomycetes	Sordariales	Chaetomiaceae	Chaetomium	Chaetomium globosum
GCA_023629735	GCA_023629735|JAMAIA010000704.1/5045-1;size=1	1173061	746128	gi|2447143670|gb|CP084978.1|	99.207	5042	39	1	4	5045	465425	460385	0	9088	3715983	Eukaryota	Fungi	Ascomycota	Pezizomycotina	Eurotiomycetes	Eurotiales	Aspergillaceae	Aspergillus	Aspergillus fumigatus	1	Eukaryota	Opisthokonta	Fungi	Ascomycota	Saccharomycetes	Saccharomycetales	Dipodascaceae	Geotrichum	Geotrichum candidum
GCA_023973435	GCA_023973435|JALCYS010000044.1/5589-390;size=1	5061	2802321	gi|1966934142|gb|CP068501.1|	80.929	1809	320	22	24	1817	48481	46683	0	1406	1931557	Eukaryota	Fungi	Ascomycota	Pezizomycotina	Dothideomycetes	Pleosporales	Didymellaceae	Stagonosporopsis	Stagonosporopsis rhizophila	1	Eukaryota	Opisthokonta	Fungi	Ascomycota	Eurotiomycetes	Eurotiales	Aspergillaceae	Aspergillus	Aspergillus niger
GCA_025084515	GCA_025084515|JAJAGP010000991.1/5503-136;size=1	2841045	499056	gi|2546924719|ref|XR_009152535.1|	92.294	3958	160	92	1486	5368	1	3888	0	5485	3895	Eukaryota	Metazoa	Chordata	Craniata	Lepidosauria	Squamata	Colubridae	Ahaetulla	Ahaetulla prasina	1	Eukaryota	Opisthokonta	Metazoa	Chordata	Actinopteri	Siluriformes	Loricariidae	Ancistrus	Ancistrus triradiatus
GCA_025310135	GCA_025310135|JAOBAO010000669.1/4818-210;size=1	218281	94885	gi|1841956138|ref|XR_004589060.1|	99.649	1139	4	0	3471	4609	1369	2507	0	2082	2515	Eukaryota	Metazoa	Chordata	Craniata	Lepidosauria	Squamata	Colubridae	Pantherophis	Pantherophis guttatus	1	Eukaryota	Opisthokonta	Metazoa	Chordata	Aves	Accipitriformes	Accipitridae	Buteo	Buteo platypterus
GCA_025388745	GCA_025388745|JANVCF010184334.1/4767-1;size=1	760133	401959	gi|256674524|gb|FJ550428.1|	97.513	2292	51	6	2480	4767	1	2290	0	3919	3124	Eukaryota	Metazoa	Cnidaria	NA	Hydrozoa	Leptothecata	Plumulariidae	Plumularia	Plumularia habereri	2	Eukaryota	Opisthokonta	Metazoa	Cnidaria	Anthozoa	Zoantharia	Hydrozoanthidae	Hydrozoanthus	Hydrozoanthus gracilis
GCA_025403565	GCA_025403565|JAOBYJ020000010.1/11007-16962;size=1	334445	661992	gi|256674551|gb|FJ550455.1|	96.436	3227	101	8	2493	5707	1	3225	0	5310	3225	Eukaryota	Metazoa	Cnidaria	NA	Hydrozoa	Leptothecata	Eirenidae	Eutima	Eutima curva	2	Eukaryota	Opisthokonta	Metazoa	Cnidaria	Anthozoa	Zoantharia	Sphenopidae	Palythoa	Palythoa heliodiscus
GCA_025403565	GCA_025403565|JAOBYJ020268790.1/1383-8380;size=1	334445	1917020	gi|1101405409|gb|KU524892.1|	87.203	2993	255	89	3770	6741	734	3619	0	3288	3619	Eukaryota	Metazoa	Cnidaria	NA	Myxozoa	Bivalvulida	Myxobolidae	Myxobolus	Myxobolus pronini	2	Eukaryota	Opisthokonta	Metazoa	Cnidaria	Anthozoa	Zoantharia	Sphenopidae	Palythoa	Palythoa heliodiscus
GCA_025766045	GCA_025766045|JAMFMJ010000096.1/4215-22;size=1	746128	2022760	gi|2471357334|gb|CP120497.1|	93.495	3597	201	25	4	3585	33823	30245	0	5315	3496266	Eukaryota	Fungi	Ascomycota	Pezizomycotina	Sordariomycetes	Xylariales	Apiosporaceae	Nigrospora	Nigrospora osmanthi	1	Eukaryota	Opisthokonta	Fungi	Ascomycota	Eurotiomycetes	Eurotiales	Aspergillaceae	Aspergillus	Aspergillus fumigatus
GCA_025774085	GCA_025774085|JAOTQV010231651.1/1245-6062;size=1	4442	862250	gi|300521447|gb|GQ377652.1|	96.985	1592	40	8	114	1702	4	1590	0	2667	1590	Eukaryota	NA	NA	NA	NA	NA	NA	NA	Eukaryota sp. ATCC 50646	1	Eukaryota	Archaeplastida	Viridiplantae	Streptophyta	Magnoliopsida	Ericales	Theaceae	Camellia	Camellia sinensis
GCA_026413505	GCA_026413505|JANVCJ010099123.1/7352-367;size=1	760129	1917020	gi|1101405409|gb|KU524892.1|	87.174	2994	254	91	3758	6729	734	3619	0	3282	3619	Eukaryota	Metazoa	Cnidaria	NA	Myxozoa	Bivalvulida	Myxobolidae	Myxobolus	Myxobolus pronini	1	Eukaryota	Opisthokonta	Metazoa	Cnidaria	Anthozoa	Zoantharia	Epizoanthidae	Epizoanthus	Epizoanthus ramosus
GCA_026538705	GCA_026538705|JALPCE010000518.1/843-6493;size=1	2937429	46634	gi|2025822306|gb|CP061928.1|	99.805	5652	10	1	1	5651	1804052	1798401	0	10375	1813478	Eukaryota	Fungi	Ascomycota	Pezizomycotina	Dothideomycetes	Dothideales	Saccotheciaceae	Aureobasidium	Aureobasidium melanogenum	1	Eukaryota	Opisthokonta	Fungi	Ascomycota	Sordariomycetes	Hypocreales	Nectriaceae	Fusarium	Fusarium sp. GC_Fusr_1
GCA_026745395	GCA_026745395|JAOYNU010070736.1/467-4478;size=1	714525	342097	gi|1654334299|gb|MK946016.1|	85.232	474	58	8	903	1368	352	821	9.08e-129	477	1284	Eukaryota	NA	NA	NA	NA	NA	NA	NA	uncultured soil eukaryote	1	Eukaryota	Opisthokonta	Fungi	Ascomycota	Sordariomycetes	Coronophorales	Scortechiniaceae	Tympanopsis	Tympanopsis confertula
GCA_026770245	GCA_026770245|JAJCXA010000329.1/5596-9704;size=1	2881482	1431946	gi|283827976|gb|EU019305.2|	89.027	3144	250	66	868	3991	1	3069	0	3807	4190	Eukaryota	Fungi	Ascomycota	Pezizomycotina	Dothideomycetes	Mycosphaerellales	Teratosphaeriaceae	Pseudoteratosphaeria	Pseudoteratosphaeria ohnowa	1	Eukaryota	Opisthokonta	Fungi	Ascomycota	Leotiomycetes	Helotiales	Rutstroemiaceae	Clarireedia	Clarireedia aff. paspali H2
GCA_026770385	GCA_026770385|JANZLZ010000097.1/40142861-40147859;size=1	321087	105255	gi|2072405022|ref|XR_006146554.1|	98.792	1821	20	2	2	1821	1	1820	0	3240	1820	Eukaryota	Metazoa	Chordata	Craniata	Mammalia	Rodentia	Heteromyidae	Dipodomys	Dipodomys spectabilis	1	Eukaryota	Opisthokonta	Metazoa	Chordata	Aves	Accipitriformes	Accipitridae	Circaetus	Circaetus cinerascens
GCA_027563825	GCA_027563825|JAOSBP010155976.1/4448-1;size=1	2589496	404732	gi|166084200|gb|EF024723.1|	91.937	1786	120	20	10	1784	1	1773	0	2481	1773	Eukaryota	NA	NA	NA	Dinophyceae	Peridiniales	Heterocapsaceae	NA	Heterocapsaceae environmental sample	1	Eukaryota	Archaeplastida	Viridiplantae	Streptophyta	Magnoliopsida	Malpighiales	Erythroxylaceae	Erythroxylum	Erythroxylum mucronatum
GCA_027564475	GCA_027564475|JAOPTZ010050952.1/1337-7912;size=1	2049097	474300	gi|386696199|gb|JQ000372.1|	95.908	3739	141	11	2809	6539	1	3735	0	6071	3740	Eukaryota	Metazoa	Arthropoda	Chelicerata	Arachnida	Sarcoptiformes	Suidasiidae	Suidasia	Suidasia nesbitti	1	Eukaryota	Opisthokonta	Metazoa	Arthropoda	Insecta	Lepidoptera	Nymphalidae	Doxocopa	Doxocopa laurentia
GCA_027569015	GCA_027569015|JAPPUR010000086.1/726-6340;size=1	47183	195108	gi|2413010406|gb|CP104054.1|	99.288	5620	31	9	1	5615	4259062	4253447	0	10148	4301033	Eukaryota	Fungi	Ascomycota	Pezizomycotina	Sordariomycetes	Hypocreales	Nectriaceae	Fusarium	Fusarium falciforme	1	Eukaryota	Opisthokonta	Fungi	Ascomycota	Pezizomycetes	Pezizales	Ascodesmidaceae	Ascodesmis	Ascodesmis sphaerospora
GCA_027569385	GCA_027569385|JAPDEZ010000048.1/2343-6951;size=1	69771	2614577	gi|2152692322|gb|OL539742.1|	98.983	4521	43	3	1	4519	19	4538	0	8091	4575	Eukaryota	Fungi	Ascomycota	Pezizomycotina	Sordariomycetes	Hypocreales	NA	Emericellopsis	Emericellopsis atlantica	1	Eukaryota	Opisthokonta	Fungi	Ascomycota	Eurotiomycetes	Eurotiales	Aspergillaceae	Penicillium	Penicillium decumbens
GCA_027569435	GCA_027569435|JAPDFB010000001.1/1699-6358;size=1	69788	62690	gi|1564980462|emb|LR026995.1|	96.674	3668	105	14	9	3665	528657	524996	0	6082	3400584	Eukaryota	Fungi	Ascomycota	Pezizomycotina	Leotiomycetes	Erysiphales	Erysiphaceae	Blumeria	Blumeria graminis	1	Eukaryota	Opisthokonta	Fungi	Ascomycota	Eurotiomycetes	Eurotiales	Aspergillaceae	Penicillium	Penicillium sclerotiorum
GCA_027569585	GCA_027569585|JAPDFI010000100.1/2-5459;size=1	2863086	62690	gi|1564980462|emb|LR026995.1|	99.707	5458	13	3	1	5458	529892	524438	0	9987	3400584	Eukaryota	Fungi	Ascomycota	Pezizomycotina	Leotiomycetes	Erysiphales	Erysiphaceae	Blumeria	Blumeria graminis	1	Eukaryota	Opisthokonta	Fungi	Ascomycota	Eurotiomycetes	Eurotiales	Aspergillaceae	Penicillium	Penicillium silybi
GCA_027569665	GCA_027569665|JAPDKQ010000306.1/6226-6;size=1	138275	89141	gi|476001870|gb|KC510277.1|	92.316	5336	300	64	874	6129	542	5847	0	7481	7807	Eukaryota	Fungi	Ascomycota	Pezizomycotina	Sordariomycetes	Hypocreales	Cordycipitaceae	Cordyceps	Cordyceps farinosa	1	Eukaryota	Opisthokonta	Fungi	Ascomycota	Eurotiomycetes	Eurotiales	Aspergillaceae	Aspergillus	Aspergillus bridgeri
GCA_027569895	GCA_027569895|JAPDLA010000099.1/1-5459;size=1	1569995	62690	gi|1564980462|emb|LR026995.1|	99.725	5459	11	4	1	5459	529892	524438	0	9995	3400584	Eukaryota	Fungi	Ascomycota	Pezizomycotina	Leotiomycetes	Erysiphales	Erysiphaceae	Blumeria	Blumeria graminis	1	Eukaryota	Opisthokonta	Fungi	Ascomycota	Eurotiomycetes	Eurotiales	Aspergillaceae	Penicillium	Penicillium sp. G342
GCA_027580075	GCA_027580075|JANZYD010000559.1/4775-17;size=1	2869447	27704	gi|2452988823|emb|OX442381.1|	91.581	4846	227	113	4	4759	106469	101715	0	6521	59061776	Eukaryota	Metazoa	Chordata	Craniata	Actinopteri	Cypriniformes	Gobionidae	Gobio	Gobio gobio	1	Eukaryota	Opisthokonta	Metazoa	Chordata	Aves	Accipitriformes	Accipitridae	Geranoaetus	Geranoaetus polyosoma
GCA_028390025	GCA_028390025|CM051803.1/518848032-518852852;size=1	495146	884348	gi|2432919750|ref|XR_008312893.1|	91.324	1556	95	18	3293	4821	876	2418	0	2089	3975	Eukaryota	Metazoa	Chordata	Craniata	Lepidosauria	Squamata	Cordylidae	Hemicordylus	Hemicordylus capensis	1	Eukaryota	Opisthokonta	Metazoa	Chordata	Amphibia	Anura	Myobatrachidae	Pseudophryne	Pseudophryne corroboree
GCA_028390055	GCA_028390055|JAQOLU010000006.1/372407361-372412182;size=1	495146	884348	gi|2432919750|ref|XR_008312893.1|	91.324	1556	95	18	3294	4822	876	2418	0	2089	3975	Eukaryota	Metazoa	Chordata	Craniata	Lepidosauria	Squamata	Cordylidae	Hemicordylus	Hemicordylus capensis	1	Eukaryota	Opisthokonta	Metazoa	Chordata	Amphibia	Anura	Myobatrachidae	Pseudophryne	Pseudophryne corroboree
GCA_028566595	GCA_028566595|JAOXNI010011000.1/4240-1;size=1	110523	39412	gi|336088200|dbj|AB550779.1|	93.109	2525	128	42	1736	4240	5	2503	0	3657	3913	Eukaryota	Fungi	Ascomycota	Pezizomycotina	Eurotiomycetes	Chaetothyriales	Herpotrichiellaceae	Phialophora	Phialophora verrucosa	1	Eukaryota	Opisthokonta	Fungi	Ascomycota	Sordariomycetes	Xylariales	Hypoxylaceae	Hypoxylon	Hypoxylon subgilvum
GCA_028826755	GCA_028826755|JAPQKH010000008.1/3733-7955;size=1	116970	62690	gi|1564980462|emb|LR026995.1|	97.372	4224	100	9	7	4223	528657	524438	0	7175	3400584	Eukaryota	Fungi	Ascomycota	Pezizomycotina	Leotiomycetes	Erysiphales	Erysiphaceae	Blumeria	Blumeria graminis	1	Eukaryota	Opisthokonta	Fungi	Ascomycota	Eurotiomycetes	Eurotiales	Aspergillaceae	Penicillium	Penicillium angulare
GCA_028826765	GCA_028826765|JAPQKK010000007.1/14756-9097;size=3	1132637	62690	gi|1564980462|emb|LR026995.1|	99.329	5659	26	10	3	5660	530086	524439	0	10229	3400584	Eukaryota	Fungi	Ascomycota	Pezizomycotina	Leotiomycetes	Erysiphales	Erysiphaceae	Blumeria	Blumeria graminis	1	Eukaryota	Opisthokonta	Fungi	Ascomycota	Eurotiomycetes	Eurotiales	Aspergillaceae	Penicillium	Penicillium atrosanguineum
GCA_028827005	GCA_028827005|JAPZBO010000001.1/15781-21434;size=3	1132637	62690	gi|1564980462|emb|LR026995.1|	99.452	5653	25	6	3	5654	530086	524439	0	10262	3400584	Eukaryota	Fungi	Ascomycota	Pezizomycotina	Leotiomycetes	Erysiphales	Erysiphaceae	Blumeria	Blumeria graminis	1	Eukaryota	Opisthokonta	Fungi	Ascomycota	Eurotiomycetes	Eurotiales	Aspergillaceae	Penicillium	Penicillium atrosanguineum
GCA_028827265	GCA_028827265|JAPZBN010000001.1/14-4934;size=2	1132637	62690	gi|1564980462|emb|LR026995.1|	99.37	4922	25	6	1	4921	529354	524438	0	8913	3400584	Eukaryota	Fungi	Ascomycota	Pezizomycotina	Leotiomycetes	Erysiphales	Erysiphaceae	Blumeria	Blumeria graminis	1	Eukaryota	Opisthokonta	Fungi	Ascomycota	Eurotiomycetes	Eurotiales	Aspergillaceae	Penicillium	Penicillium atrosanguineum
GCA_028827675	GCA_028827675|JAQJAF010000009.1/139907-134251;size=7	94218	62690	gi|1564980462|emb|LR026995.1|	98.145	5659	93	9	1	5657	530087	524439	0	9858	3400584	Eukaryota	Fungi	Ascomycota	Pezizomycotina	Leotiomycetes	Erysiphales	Erysiphaceae	Blumeria	Blumeria graminis	1	Eukaryota	Opisthokonta	Fungi	Ascomycota	Eurotiomycetes	Eurotiales	Aspergillaceae	Penicillium	Penicillium lagena
GCA_028828495	GCA_028828495|JAQJAV010000003.1/6506440-6500785;size=3	1903569	62690	gi|1564980462|emb|LR026995.1|	98.197	5658	91	9	1	5656	530087	524439	0	9873	3400584	Eukaryota	Fungi	Ascomycota	Pezizomycotina	Leotiomycetes	Erysiphales	Erysiphaceae	Blumeria	Blumeria graminis	1	Eukaryota	Opisthokonta	Fungi	Ascomycota	Eurotiomycetes	Eurotiales	Aspergillaceae	Penicillium	Penicillium riverlandense
GCA_028828555	GCA_028828555|JAQKAL010000002.1/4121839-4116189;size=3	168475	62690	gi|1564980462|emb|LR026995.1|	96.425	5650	176	25	3	5638	530088	524451	0	9291	3400584	Eukaryota	Fungi	Ascomycota	Pezizomycotina	Leotiomycetes	Erysiphales	Erysiphaceae	Blumeria	Blumeria graminis	1	Eukaryota	Opisthokonta	Fungi	Ascomycota	Eurotiomycetes	Eurotiales	Aspergillaceae	Penicillium	Penicillium taxi
GCA_028828935	GCA_028828935|JAQJZS010000001.1/16048-21701;size=7	3003417	62690	gi|1564980462|emb|LR026995.1|	99.522	5653	21	6	3	5654	530086	524439	0	10285	3400584	Eukaryota	Fungi	Ascomycota	Pezizomycotina	Leotiomycetes	Erysiphales	Erysiphaceae	Blumeria	Blumeria graminis	1	Eukaryota	Opisthokonta	Fungi	Ascomycota	Eurotiomycetes	Eurotiales	Aspergillaceae	Penicillium	Penicillium sp. IBT 18751x
GCA_028828985	GCA_028828985|JAQJZV010000013.1/14838-19083;size=3	63820	62690	gi|1564980462|emb|LR026995.1|	97.463	3666	81	9	1	3662	528657	525000	0	6244	3400584	Eukaryota	Fungi	Ascomycota	Pezizomycotina	Leotiomycetes	Erysiphales	Erysiphaceae	Blumeria	Blumeria graminis	1	Eukaryota	Opisthokonta	Fungi	Ascomycota	Eurotiomycetes	Eurotiales	Aspergillaceae	Penicillium	Penicillium chermesinum
GCA_028974065	GCA_028974065|JAPQKR010000015.1/3068956-3073990;size=2	70096	62690	gi|1564980462|emb|LR026995.1|	99.579	4039	14	3	1	4039	529031	524996	0	7361	3400584	Eukaryota	Fungi	Ascomycota	Pezizomycotina	Leotiomycetes	Erysiphales	Erysiphaceae	Blumeria	Blumeria graminis	1	Eukaryota	Opisthokonta	Fungi	Ascomycota	Eurotiomycetes	Eurotiales	Aspergillaceae	Penicillium	Penicillium cinerascens
GCA_028984885	GCA_028984885|JAQGDS010000003.1/2081-8089;size=1	74499	40221	gi|82504131|gb|DQ248314.1|	88.221	3676	344	58	2302	5935	2285	5913	0	4307	5938	Eukaryota	Fungi	Ascomycota	Pezizomycotina	NA	Symbiotaphrinales	Symbiotaphrinaceae	Symbiotaphrina	Symbiotaphrina kochii	1	Eukaryota	Opisthokonta	Fungi	Ascomycota	Orbiliomycetes	Orbiliales	Orbiliaceae	Drechslerella	Drechslerella dactyloides
GCA_029293775	GCA_029293775|DAGXAD010000179.1/5213-270;size=1	1928008	52556	gi|116222190|gb|DQ980475.1|	98.099	2999	57	0	1725	4723	1	2999	0	5223	2999	Eukaryota	NA	NA	NA	Synurophyceae	Synurales	Mallomonadaceae	Synura	Synura sphagnicola	1	Eukaryota	Eukaryota_X	Eukaryota_XX	Eukaryota_XXX	Eukaryota_XXXX	Eukaryota_XXXXX	Eukaryota_XXXXXX	Eukaryota_XXXXXXX	Eukaryota sp.
GCA_029293795	GCA_029293795|DAGXAA010000091.1/6918-810;size=1	1928008	83893	gi|159157536|dbj|AB362411.1|	90.136	3538	221	75	2669	6109	3471	6977	0	4486	7549	Eukaryota	NA	Euglenozoa	NA	Kinetoplastea	Trypanosomatida	Trypanosomatidae	Trypanosoma	Trypanosoma minasense	1	Eukaryota	Eukaryota_X	Eukaryota_XX	Eukaryota_XXX	Eukaryota_XXXX	Eukaryota_XXXXX	Eukaryota_XXXXXX	Eukaryota_XXXXXXX	Eukaryota sp.
GCA_029293845	GCA_029293845|DAGWZW010000109.1/1507-6996;size=1	1928008	52556	gi|116222190|gb|DQ980475.1|	98.966	2999	31	0	2271	5269	1	2999	0	5367	2999	Eukaryota	NA	NA	NA	Synurophyceae	Synurales	Mallomonadaceae	Synura	Synura sphagnicola	1	Eukaryota	Eukaryota_X	Eukaryota_XX	Eukaryota_XXX	Eukaryota_XXXX	Eukaryota_XXXXX	Eukaryota_XXXXXX	Eukaryota_XXXXXXX	Eukaryota sp.
GCA_029293865	GCA_029293865|DAGWZU010000127.1/1561-7050;size=1	1928008	52556	gi|116222190|gb|DQ980475.1|	99.633	2999	11	0	2271	5269	1	2999	0	5478	2999	Eukaryota	NA	NA	NA	Synurophyceae	Synurales	Mallomonadaceae	Synura	Synura sphagnicola	1	Eukaryota	Eukaryota_X	Eukaryota_XX	Eukaryota_XXX	Eukaryota_XXXX	Eukaryota_XXXXX	Eukaryota_XXXXXX	Eukaryota_XXXXXXX	Eukaryota sp.
GCA_029293895	GCA_029293895|DAGWZV010000049.1/1561-7050;size=1	1928008	52556	gi|116222190|gb|DQ980475.1|	99.933	2999	2	0	2271	5269	1	2999	0	5528	2999	Eukaryota	NA	NA	NA	Synurophyceae	Synurales	Mallomonadaceae	Synura	Synura sphagnicola	1	Eukaryota	Eukaryota_X	Eukaryota_XX	Eukaryota_XXX	Eukaryota_XXXX	Eukaryota_XXXXX	Eukaryota_XXXXXX	Eukaryota_XXXXXXX	Eukaryota sp.
GCA_029293925	GCA_029293925|DAGWZS010000028.1/1507-6996;size=1	1928008	52556	gi|116222190|gb|DQ980475.1|	99.867	2999	4	0	2271	5269	1	2999	0	5517	2999	Eukaryota	NA	NA	NA	Synurophyceae	Synurales	Mallomonadaceae	Synura	Synura sphagnicola	1	Eukaryota	Eukaryota_X	Eukaryota_XX	Eukaryota_XXX	Eukaryota_XXXX	Eukaryota_XXXXX	Eukaryota_XXXXXX	Eukaryota_XXXXXXX	Eukaryota sp.
GCA_029294015	GCA_029294015|DAGWZO010000058.1/2268-7757;size=1	1928008	52556	gi|116222190|gb|DQ980475.1|	99.567	2999	13	0	2271	5269	1	2999	0	5467	2999	Eukaryota	NA	NA	NA	Synurophyceae	Synurales	Mallomonadaceae	Synura	Synura sphagnicola	1	Eukaryota	Eukaryota_X	Eukaryota_XX	Eukaryota_XXX	Eukaryota_XXXX	Eukaryota_XXXXX	Eukaryota_XXXXXX	Eukaryota_XXXXXXX	Eukaryota sp.
GCA_029294025	GCA_029294025|DAGWZM010000095.1/2250-7739;size=2	1928008	52556	gi|116222190|gb|DQ980475.1|	99.933	2999	2	0	2271	5269	1	2999	0	5528	2999	Eukaryota	NA	NA	NA	Synurophyceae	Synurales	Mallomonadaceae	Synura	Synura sphagnicola	1	Eukaryota	Eukaryota_X	Eukaryota_XX	Eukaryota_XXX	Eukaryota_XXXX	Eukaryota_XXXXX	Eukaryota_XXXXXX	Eukaryota_XXXXXXX	Eukaryota sp.
GCA_029294055	GCA_029294055|DAGWZN010000192.1/4752-3;size=1	1928008	52556	gi|116222190|gb|DQ980475.1|	97.037	3004	74	12	1681	4674	1	2999	0	5040	2999	Eukaryota	NA	NA	NA	Synurophyceae	Synurales	Mallomonadaceae	Synura	Synura sphagnicola	1	Eukaryota	Eukaryota_X	Eukaryota_XX	Eukaryota_XXX	Eukaryota_XXXX	Eukaryota_XXXXX	Eukaryota_XXXXXX	Eukaryota_XXXXXXX	Eukaryota sp.
GCA_029294285	GCA_029294285|DAGWYZ010000142.1/1-5095;size=1	1928008	52556	gi|116222190|gb|DQ980475.1|	99.4	2999	18	0	1876	4874	1	2999	0	5439	2999	Eukaryota	NA	NA	NA	Synurophyceae	Synurales	Mallomonadaceae	Synura	Synura sphagnicola	1	Eukaryota	Eukaryota_X	Eukaryota_XX	Eukaryota_XXX	Eukaryota_XXXX	Eukaryota_XXXXX	Eukaryota_XXXXXX	Eukaryota_XXXXXXX	Eukaryota sp.
GCA_029294295	GCA_029294295|DAGWZA010000115.1/5016-1;size=1	1928008	1276092	gi|444297750|gb|KC243114.1|	88.561	271	26	3	1252	1521	970	1236	1.57e-82	324	1633	Eukaryota	NA	Cercozoa	NA	Imbricatea	Thaumatomonadida	Thaumatomastigidae	Thaumatomastix	Thaumatomastix sp. 3 JMS-2012	3	Eukaryota	Eukaryota_X	Eukaryota_XX	Eukaryota_XXX	Eukaryota_XXXX	Eukaryota_XXXXX	Eukaryota_XXXXXX	Eukaryota_XXXXXXX	Eukaryota sp.
GCA_029294295	GCA_029294295|DAGWZA010000143.1/1561-6043;size=1	1928008	52556	gi|116222190|gb|DQ980475.1|	98.644	2212	28	2	2273	4483	1	2211	0	3917	2999	Eukaryota	NA	NA	NA	Synurophyceae	Synurales	Mallomonadaceae	Synura	Synura sphagnicola	3	Eukaryota	Eukaryota_X	Eukaryota_XX	Eukaryota_XXX	Eukaryota_XXXX	Eukaryota_XXXXX	Eukaryota_XXXXXX	Eukaryota_XXXXXXX	Eukaryota sp.
GCA_029375565	GCA_029375565|JAPDNY010000010.1/27245570-27241174;size=1	36310	170822	gi|19067998|gb|AY049845.1|	96.748	246	8	0	4152	4397	2732	2977	1.03e-108	411	3842	Eukaryota	Metazoa	Chordata	Craniata	Chondrichthyes	Myliobatiformes	Potamotrygonidae	Potamotrygon	Potamotrygon hystrix	2	Eukaryota	Opisthokonta	Metazoa	Chordata	Lepidosauria	Squamata	Gekkonidae	Gekko	Gekko gecko
GCA_029375565	GCA_029375565|JAPDNY010000010.1/27250168-27245568;size=1	36310	8957	gi|2191808386|emb|OV839396.1|	88.785	214	22	1	79	292	5267408	5267197	1.14e-63	261	10404007	Eukaryota	Metazoa	Chordata	Craniata	Aves	Accipitriformes	Accipitridae	Accipiter	Accipiter gentilis	2	Eukaryota	Opisthokonta	Metazoa	Chordata	Lepidosauria	Squamata	Gekkonidae	Gekko	Gekko gecko
GCA_029407785	GCA_029407785|JAJGMU010000301.1/150-5496;size=1	231751	203449	gi|86279725|gb|DQ369013.1|	92.605	2042	103	29	11	2023	1	2023	0	2891	2023	Eukaryota	NA	NA	NA	NA	NA	NA	NA	uncultured marine eukaryote	1	Eukaryota	Archaeplastida	Rhodophyta	Rhodophyta	Florideophyceae	Corallinales	Porolithaceae	Porolithon	Porolithon onkodes
GCA_029448695	GCA_029448695|JARDAA010000083.1/14780-20472;size=1	881653	69781	gi|2208039278|gb|CP093060.1|	90.567	5714	425	84	5	5680	1955118	1960755	0	7461	2004753	Eukaryota	Fungi	Ascomycota	Pezizomycotina	Eurotiomycetes	Eurotiales	Aspergillaceae	Penicillium	Penicillium oxalicum	1	Eukaryota	Opisthokonta	Fungi	Ascomycota	Dothideomycetes	Myriangiales	Elsinoaceae	Elsinoe	Elsinoe perseae
GCA_030035635	GCA_030035635|JAPJNL010000007.1/2086171-2080526;size=4	70113	62690	gi|1564980462|emb|LR026995.1|	98.655	5651	61	10	7	5646	530085	524439	0	10000	3400584	Eukaryota	Fungi	Ascomycota	Pezizomycotina	Leotiomycetes	Erysiphales	Erysiphaceae	Blumeria	Blumeria graminis	1	Eukaryota	Opisthokonta	Fungi	Ascomycota	Eurotiomycetes	Eurotiales	Aspergillaceae	Penicillium	Penicillium parvum
GCA_030068005	GCA_030068005|JANSVK010000346.1/3118-7632;size=1	1949210	95742	gi|2259779853|gb|CP089277.1|	98.982	4519	22	16	1	4515	4182883	4187381	0	8069	4408496	Eukaryota	Fungi	Ascomycota	Pezizomycotina	Dothideomycetes	Pleosporales	Pleosporaceae	Curvularia	Curvularia clavata	1	Eukaryota	Opisthokonta	Fungi	Ascomycota	Eurotiomycetes	Chaetothyriales	Herpotrichiellaceae	Cladophialophora	Cladophialophora exuberans
GCA_030247885	GCA_030247885|JAPDRO010000007.1/283784-278101;size=3	2991674	746128	gi|2447143661|gb|CP084969.1|	96.774	5704	120	57	5	5684	484078	478415	0	9455	3769667	Eukaryota	Fungi	Ascomycota	Pezizomycotina	Eurotiomycetes	Eurotiales	Aspergillaceae	Aspergillus	Aspergillus fumigatus	2	Eukaryota	Opisthokonta	Fungi	Ascomycota	Dothideomycetes	Dothideales	Dothideales_X	Dothideales_XX	Dothideales sp. JES 119
GCA_030247885	GCA_030247885|JAPDRO010000007.1/310607-304934;size=1	2991674	746128	gi|2447143670|gb|CP084978.1|	99.771	5673	6	5	5	5674	465426	459758	0	10397	3715983	Eukaryota	Fungi	Ascomycota	Pezizomycotina	Eurotiomycetes	Eurotiales	Aspergillaceae	Aspergillus	Aspergillus fumigatus	2	Eukaryota	Opisthokonta	Fungi	Ascomycota	Dothideomycetes	Dothideales	Dothideales_X	Dothideales_XX	Dothideales sp. JES 119
GCA_030248065	GCA_030248065|JASAMV010000973.1/6854-825;size=4	3043720	100272	gi|27802582|gb|AY180006.1|	94.294	1805	90	12	11	1808	2	1800	0	2750	1800	Eukaryota	NA	NA	NA	NA	NA	NA	NA	uncultured eukaryote	1	Eukaryota	Opisthokonta	Metazoa	Nematoda	Chromadorea	Monhysterida	Xyalidae	Rhynchonema	Rhynchonema sp. JSB1_4
GCA_030248135	GCA_030248135|JASANC010002691.1/12650-6535;size=3	3043726	100272	gi|27802582|gb|AY180006.1|	93.411	1806	106	11	8	1807	2	1800	0	2663	1800	Eukaryota	NA	NA	NA	NA	NA	NA	NA	uncultured eukaryote	1	Eukaryota	Opisthokonta	Metazoa	Nematoda	Chromadorea	Monhysterida	Xyalidae	Theristus	Theristus sp. LFF4_11
GCA_030264575	GCA_030264575|JARJEC010076327.1/1-4292;size=1	2877718	2805731	gi|1960721562|gb|MW521837.1|	89.238	446	39	5	3828	4272	4910	5347	2.03e-150	549	5698	Eukaryota	NA	NA	NA	NA	NA	NA	NA	Stramenopiles sp. MAST-9A-sp1	1	Eukaryota	Opisthokonta	Metazoa	Arthropoda	Insecta	Coleoptera	Staphylinidae	Tachinus	Tachinus sp. AB-2021
GCA_030265015	GCA_030265015|JASBQN010209284.1/4573-1;size=1	279537	171736	gi|2416134186|emb|OX393531.1|	100	112	0	0	4462	4573	1028393	1028504	1.5e-47	207	29419186	Eukaryota	Metazoa	Chordata	Craniata	Actinopteri	Labriformes	Labridae	Symphodus	Symphodus melops	1	Eukaryota	Opisthokonta	Metazoa	Chordata	Amphibia	Caudata	Plethodontidae	Desmognathus	Desmognathus folkertsi
GCA_030265115	GCA_030265115|JAQQZZ010000013.1/25269-32408;size=1	430714	225159	gi|82697844|gb|DQ248942.1|	98.995	3982	22	13	3168	7140	4617	8589	0	7116	13040	Eukaryota	Metazoa	Mollusca	NA	Gastropoda	NA	Lottiidae	Lottia	Lottia digitalis	1	Eukaryota	Opisthokonta	Metazoa	Mollusca	Polyplacophora	Chitonida	Mopaliidae	Mopalia	Mopalia vespertina
GCA_030265255	GCA_030265255|JARBEP010511662.1/518-5421;size=1	763133	256104	gi|82622094|gb|DQ279956.1|	99.709	2060	4	2	2384	4441	1	2060	0	3771	2060	Eukaryota	Metazoa	Mollusca	NA	Polyplacophora	Chitonida	Mopaliidae	Mopalia	Mopalia muscosa	2	Eukaryota	Opisthokonta	Metazoa	Mollusca	Gastropoda	Nudibranchia	Tritoniidae	Tritonia	Tritonia festiva
GCA_030265315	GCA_030265315|JARDVA010000013.1/15190-22328;size=1	413429	225159	gi|82697844|gb|DQ248942.1|	99.046	3982	20	13	3167	7139	4617	8589	0	7127	13040	Eukaryota	Metazoa	Mollusca	NA	Gastropoda	NA	Lottiidae	Lottia	Lottia digitalis	2	Eukaryota	Opisthokonta	Metazoa	Mollusca	Polyplacophora	Chitonida	Mopaliidae	Mopalia	Mopalia swanii
GCA_030265335	GCA_030265335|JARFYG010000296.1/613213-618374;size=1	519093	94630	gi|172072956|gb|EU370440.1|	99.415	2565	15	0	2598	5162	1	2565	0	4654	3274	Eukaryota	Metazoa	Arthropoda	Crustacea	Thecostraca	Balanomorpha	Balanidae	Semibalanus	Semibalanus balanoides	2	Eukaryota	Opisthokonta	Metazoa	Arthropoda	Malacostraca	Decapoda	Paguridae	Pagurus	Pagurus granosimanus
GCA_030270845	GCA_030270845|CM058888.1/6091623-6086517;size=3	9915	7962	gi|373430781|gb|JN628435.1|	99.883	5107	0	3	1	5107	1500	6600	0	9393	9426	Eukaryota	Metazoa	Chordata	Craniata	Actinopteri	Cypriniformes	Cyprinidae	Cyprinus	Cyprinus carpio	1	Eukaryota	Opisthokonta	Metazoa	Chordata	Mammalia	Artiodactyla	Bovidae	Bos	Bos indicus
GCA_030512325	GCA_030512325|JAUJDW010000307.1/150-5585;size=1	869390	348802	gi|915144019|ref|XR_001230708.1|	87.28	2846	279	58	2636	5436	327	3134	0	3173	4741	Eukaryota	Fungi	Ascomycota	Pezizomycotina	Eurotiomycetes	Chaetothyriales	Herpotrichiellaceae	Exophiala	Exophiala xenobiotica	1	Eukaryota	Opisthokonta	Fungi	Ascomycota	Dothideomycetes	Botryosphaeriales	Botryosphaeriaceae	Lasiodiplodia	Lasiodiplodia hormozganensis
GCA_031001815	GCA_031001815|JAUESN010923205.1/1-4759;size=1	44697	2484686	gi|2282140059|gb|OP151402.1|	100	1142	0	0	3618	4759	7240	8381	0	2109	9261	Eukaryota	Metazoa	Chordata	Craniata	Chondrichthyes	Myliobatiformes	Dasyatidae	Hypanus	Hypanus americanus	1	Eukaryota	Opisthokonta	Metazoa	Chordata	Actinopteri	Cyprinodontiformes	Rivulidae	Cynodonichthys	Cynodonichthys tenuis
GCA_031753675	GCA_031753675|JASANL010924008.1/1-7247;size=1	52103	7936	gi|1865740644|ref|XR_004766723.1|	91.285	2421	134	53	1	2405	55	2414	0	3230	4012	Eukaryota	Metazoa	Chordata	Craniata	Actinopteri	Anguilliformes	Anguillidae	Anguilla	Anguilla anguilla	1	Eukaryota	Opisthokonta	Metazoa	Chordata	Amphibia	Caudata	Plethodontidae	Desmognathus	Desmognathus monticola
GCA_031753695	GCA_031753695|JASANK010663521.1/6195-1;size=1	52102	65483	gi|2437879322|ref|XR_008327654.1|	93.956	1241	46	20	1	1235	1573	2790	0	1849	3956	Eukaryota	Metazoa	Chordata	Craniata	Lepidosauria	Squamata	Lacertidae	Podarcis	Podarcis raffonei	1	Eukaryota	Opisthokonta	Metazoa	Chordata	Amphibia	Caudata	Plethodontidae	Desmognathus	Desmognathus marmoratus
GCA_031763545	GCA_031763545|JARFOD010000013.1/32079-39211;size=1	256104	225159	gi|82697844|gb|DQ248942.1|	99.045	3980	22	12	3163	7133	4617	8589	0	7125	13040	Eukaryota	Metazoa	Mollusca	NA	Gastropoda	NA	Lottiidae	Lottia	Lottia digitalis	1	Eukaryota	Opisthokonta	Metazoa	Mollusca	Polyplacophora	Chitonida	Mopaliidae	Mopalia	Mopalia muscosa
GCA_032270325	GCA_032270325|JAUJPL010064321.1/8692-4548;size=1	41701	2889	gi|16326555|gb|AF409123.1|	99.209	3287	25	1	827	4113	820	4105	0	5925	4105	Eukaryota	NA	NA	NA	Phaeophyceae	Laminariales	Alariaceae	Alaria	Alaria esculenta	1	Eukaryota	Archaeplastida	Rhodophyta	Rhodophyta	Florideophyceae	Rhodymeniales	Rhodymeniaceae	Rhodymenia	Rhodymenia pacifica
GCA_032270385	GCA_032270385|JAUUIK010175548.1/2-4203;size=1	45621	576746	gi|219819719|gb|EU879935.1|	99.936	3147	2	0	720	3866	1	3147	0	5801	3147	Eukaryota	Metazoa	Cnidaria	NA	Hydrozoa	Anthoathecata	Corymorphidae	Euphysa	Euphysa tentaculata	4	Eukaryota	Opisthokonta	Metazoa	Cnidaria	Anthozoa	Actiniaria	Actiniidae	Urticina	Urticina crassicornis
GCA_032270465	GCA_032270465|JAULKI010000001.1/7689-2451;size=1	2816969	1088769	gi|254942217|gb|GQ338098.1|	96.021	2689	88	18	2558	5239	1	2677	0	4355	2678	Eukaryota	NA	Rhodophyta	NA	Florideophyceae	Gigartinales	Phyllophoraceae	Mastocarpus	Mastocarpus alaskensis	1	Eukaryota	Archaeplastida	Viridiplantae	Chlorophyta	Ulvophyceae	Ulotrichales	Ulotrichaceae	Chlorocystis	Chlorocystis dangeardii
GCA_032270525	GCA_032270525|JAUJPK010084422.1/4341-10321;size=1	217481	2889	gi|16326555|gb|AF409123.1|	97.13	3867	49	32	2102	5948	281	4105	0	6469	4105	Eukaryota	NA	NA	NA	Phaeophyceae	Laminariales	Alariaceae	Alaria	Alaria esculenta	1	Eukaryota	Archaeplastida	Rhodophyta	Rhodophyta	Florideophyceae	Gigartinales	Kallymeniaceae	Callophyllis	Callophyllis flabellulata
GCA_032273245	GCA_032273245|JAUKPP010059675.1/1296-7447;size=1	114759	50417	gi|2415514654|emb|OX392535.1|	97.214	6209	97	43	1	6152	44696702	44690513	0	10438	50749371	Eukaryota	Metazoa	Mollusca	NA	Bivalvia	Pectinida	Pectinidae	Mimachlamys	Mimachlamys varia	3	Eukaryota	Opisthokonta	Metazoa	Mollusca	Gastropoda	Aplysiida	Aplysiidae	Phyllaplysia	Phyllaplysia taylori
GCA_032274145	GCA_032274145|JAVCKV010306169.1/4955-1;size=1	326257	1215640	gi|399764225|gb|JQ271736.1|	96.332	1963	63	6	5	1961	1	1960	0	3217	1960	Eukaryota	NA	Discosea	NA	Flabellinia	NA	Vannellidae	Vannella	Vannella sp. ELH5	1	Eukaryota	Archaeplastida	Rhodophyta	Rhodophyta	Florideophyceae	Ceramiales	Ceramiaceae	Microcladia	Microcladia borealis
GCA_032353855	GCA_032353855|JAUBNU010199493.1/1-4540;size=1	3018292	171736	gi|2416134186|emb|OX393531.1|	100	81	0	0	4460	4540	1028393	1028473	2.55e-30	150	29419186	Eukaryota	Metazoa	Chordata	Craniata	Actinopteri	Labriformes	Labridae	Symphodus	Symphodus melops	1	Eukaryota	Opisthokonta	Metazoa	Chordata	Amphibia	Caudata	Plethodontidae	Desmognathus	Desmognathus kanawha
GCA_032354855	GCA_032354855|JAUBNV010106462.1/5498-956;size=1	3018293	171736	gi|2416134186|emb|OX393531.1|	100	83	0	0	4461	4543	1028393	1028475	1.97e-31	154	29419186	Eukaryota	Metazoa	Chordata	Craniata	Actinopteri	Labriformes	Labridae	Symphodus	Symphodus melops	1	Eukaryota	Opisthokonta	Metazoa	Chordata	Amphibia	Caudata	Plethodontidae	Desmognathus	Desmognathus mavrokoilius
GCA_032355325	GCA_032355325|JAULBO010172584.1/4985-1;size=1	984268	50417	gi|2415514654|emb|OX392535.1|	96.454	5048	99	46	1	4985	44360350	44355320	0	8257	50749371	Eukaryota	Metazoa	Mollusca	NA	Bivalvia	Pectinida	Pectinidae	Mimachlamys	Mimachlamys varia	2	Eukaryota	Opisthokonta	Metazoa	Mollusca	Gastropoda	Lepetellida	Lepetodrilidae	Clypeosectus	Clypeosectus delectus
GCA_032355345	GCA_032355345|JAULBP010160120.1/5294-1;size=1	57055	256104	gi|82622094|gb|DQ279956.1|	92.382	2074	136	17	2760	4825	1	2060	0	2935	2060	Eukaryota	Metazoa	Mollusca	NA	Polyplacophora	Chitonida	Mopaliidae	Mopalia	Mopalia muscosa	1	Eukaryota	Opisthokonta	Metazoa	Mollusca	Gastropoda	Lepetellida	Lepetodrilidae	Lepetodrilus	Lepetodrilus pustulosus
GCA_032355525	GCA_032355525|JAULBQ010418699.1/4475-1;size=1	440553	50417	gi|2415514654|emb|OX392535.1|	96.294	4533	90	45	1	4475	44696128	44691616	0	7369	50749371	Eukaryota	Metazoa	Mollusca	NA	Bivalvia	Pectinida	Pectinidae	Mimachlamys	Mimachlamys varia	3	Eukaryota	Opisthokonta	Metazoa	Mollusca	Gastropoda	Neomphalina	Peltospiridae	Pachydermia	Pachydermia laevis
GCA_032356245	GCA_032356245|JAUKWC010041777.1/12081-7566;size=1	31421	80365	gi|14326047|gb|AF331153.1|AF331153	91.462	3092	193	55	1288	4324	1	3076	0	4181	3249	Eukaryota	NA	NA	NA	Phaeophyceae	Laminariales	Laminariaceae	Laminaria	Laminaria digitata	1	Eukaryota	Archaeplastida	Rhodophyta	Rhodophyta	Florideophyceae	Gigartinales	Endocladiaceae	Endocladia	Endocladia muricata
GCA_032358235	GCA_032358235|JAULBU010060670.1/3735-9630;size=1	282367	2889	gi|16326555|gb|AF409123.1|	95.605	3868	106	33	2018	5864	281	4105	0	6143	4105	Eukaryota	NA	NA	NA	Phaeophyceae	Laminariales	Alariaceae	Alaria	Alaria esculenta	1	Eukaryota	Archaeplastida	Rhodophyta	Rhodophyta	Florideophyceae	Ceramiales	Rhodomelaceae	Odonthalia	Odonthalia washingtoniensis
GCA_032358265	GCA_032358265|JAULBW010000001.1/8253-2962;size=1	2977	136499	gi|300078500|gb|GU001162.1|	98.335	2583	38	4	2714	5292	1187	3768	0	4536	4833	Eukaryota	NA	Evosea	NA	Variosea	NA	NA	Phalansterium	Phalansterium solitarium	1	Eukaryota	SAR	Stramenopiles	Ochrophyta	Xanthophyceae	Vaucheriales	Vaucheriaceae	Vaucheria	Vaucheria bursata
GCA_032358795	GCA_032358795|JAULCC010184113.1/4354-10674;size=1	410342	216125	gi|2104761850|emb|OU744727.1|	97.696	3733	69	12	2590	6321	101045	97329	0	6401	70748747	Eukaryota	Metazoa	Mollusca	NA	Gastropoda	Trochida	Trochidae	Steromphala	Steromphala cineraria	3	Eukaryota	Opisthokonta	Metazoa	Mollusca	Bivalvia	Cardiida	Psammobiidae	Nuttallia	Nuttallia obscurata
GCA_032360285	GCA_032360285|JAUOBW010000006.1/6034-10305;size=1	2991678	55014	gi|292668190|gb|GQ160656.1|	99.726	2188	4	2	1531	3718	4	2189	0	4008	2189	Eukaryota	Metazoa	Mollusca	NA	Gastropoda	NA	Peltospiridae	Melanodrymia	Melanodrymia aurantiaca	3	Eukaryota	Opisthokonta	Metazoa	Mollusca	Polyplacophora	Chitonida	Ischnochitonidae	Lepidozona	Lepidozona retiporosa
GCA_032360425	GCA_032360425|JAUOBV010267411.1/4908-1;size=1	3049803	2822	gi|4539547|emb|Y11506.1|	98.068	2899	43	8	2015	4908	1	2891	0	5031	3950	Eukaryota	NA	Rhodophyta	NA	Florideophyceae	Palmariales	Palmariaceae	Palmaria	Palmaria palmata	1	Eukaryota	Archaeplastida	Viridiplantae	Streptophyta	Magnoliopsida	Gentianales	Rubiaceae	Rubia	Rubia occidens
GCA_032361465	GCA_032361465|JAUTBX010010519.1/5859-1;size=1	359806	1028096	gi|28375673|dbj|AB101598.1|	89.556	3179	252	67	2710	5859	50	3177	0	3958	3667	Eukaryota	Metazoa	Mollusca	NA	Bivalvia	Arcoida	Arcidae	Anadara	Anadara sativa	2	Eukaryota	Opisthokonta	Metazoa	Mollusca	Gastropoda	Lepetellida	Lepetodrilidae	Lepetodrilus	Lepetodrilus tevnianus
GCA_032361465	GCA_032361465|JAUTBX010176509.1/1059-5194;size=1	359806	220392	gi|2567998523|emb|OY726523.1|	98.75	80	1	0	1	80	70632	70711	3.88e-28	143	87584389	Eukaryota	Metazoa	Mollusca	NA	Bivalvia	Mytilida	Mytilidae	Bathymodiolus	Bathymodiolus septemdierum	2	Eukaryota	Opisthokonta	Metazoa	Mollusca	Gastropoda	Lepetellida	Lepetodrilidae	Lepetodrilus	Lepetodrilus tevnianus
GCA_032466395	GCA_032466395|JASKDV010016094.1/2719-8080;size=1	2049525	203449	gi|86279725|gb|DQ369013.1|	99.703	2023	6	0	10	2032	1	2023	0	3703	2023	Eukaryota	NA	NA	NA	NA	NA	NA	NA	uncultured marine eukaryote	1	Eukaryota	Opisthokonta	Metazoa	Mollusca	Gastropoda	Nudibranchia	Aegiretidae	Aegires	Aegires albopunctatus
GCA_900067755	GCA_900067755|CEMB01035281.1/94063-89741;size=1	103695	8284	gi|2452978825|emb|OX439254.1|	94.64	1623	85	2	369	1990	29615803	29614182	0	2514	47495150	Eukaryota	Metazoa	Chordata	Craniata	Actinopteri	Cypriniformes	Leuciscidae	Squalius	Squalius cephalus	1	Eukaryota	Opisthokonta	Metazoa	Chordata	Lepidosauria	Squamata	Agamidae	Pogona	Pogona vitticeps
GCA_900128395	GCA_900128395|LT649313.1/37242-31393;size=1	1735743	2805725	gi|1960721534|gb|MW521831.1|	99.812	5847	5	4	5	5850	1	5842	0	10732	5848	Eukaryota	NA	NA	NA	NA	NA	NA	NA	Stramenopiles sp. MAST-4A-sp1	1	Eukaryota	SAR	Stramenopiles	Stramenopiles	Stramenopiles sp.	Stramenopiles sp.	Stramenopiles sp.	Stramenopiles sp.	Stramenopiles sp. TOSAG23-2
GCA_900239705	GCA_900239705|OESY010031960.1/6601-393;size=1	392030	4881	gi|157780196|gb|EU011932.1|	89.654	3557	309	43	2649	6192	1	3511	0	4475	3512	Eukaryota	NA	NA	NA	Ichthyosporea	Ichthyophonida	Amoebidiaceae	Amoebidium	Amoebidium parasiticum	1	Eukaryota	Opisthokonta	Metazoa	Rotifera	Eurotatoria	Bdelloida	Philodinidae	Rotaria	Rotaria magnacalcarata
GCA_905332325	GCA_905332325|CAJOBW010053857.1/42-5191;size=1	2762511	100272	gi|291262977|gb|GU928079.1|	100	236	0	0	4915	5150	74	309	1.98e-116	436	510	Eukaryota	NA	NA	NA	NA	NA	NA	NA	uncultured eukaryote	1	Eukaryota	Opisthokonta	Metazoa	Rotifera	Eurotatoria	Bdelloida	Philodinidae	Rotaria	Rotaria sp. Silwood1
GCA_910591605	GCA_910591605|CAJVCH010535483.1/2-4088;size=1	39272	170843	gi|2499297469|emb|OX465509.1|	99.389	4091	21	3	1	4087	37634374	37630284	0	7413	90937217	Eukaryota	Metazoa	Arthropoda	Hexapoda	Insecta	Hemiptera	Pseudococcidae	Planococcus	Planococcus citri	1	Eukaryota	Opisthokonta	Metazoa	Arthropoda	Collembola	Symphypleona	Sminthuridae	Allacma	Allacma fusca
GCA_910592055	GCA_910592055|CAJVPT010015842.1/4642-1;size=1	27376	175245	gi|1063194685|gb|KU900856.1|	91.095	2639	196	33	2024	4642	163	2782	0	3535	3569	Eukaryota	Fungi	NA	NA	NA	NA	NA	NA	uncultured fungus	1	Eukaryota	Opisthokonta	Fungi	Mucoromycota	Glomeromycetes	Diversisporales	Acaulosporaceae	Acaulospora	Acaulospora colombiana
GCA_911175035	GCA_911175035|CAJVOD010000340.1/1666-7396;size=1	60175	4959	gi|2443212260|gb|CP046879.1|	99.721	5732	13	3	1	5731	765016	770745	0	10493	2260382	Eukaryota	Fungi	Ascomycota	Saccharomycotina	Saccharomycetes	Saccharomycetales	Debaryomycetaceae	Debaryomyces	Debaryomyces hansenii	1	Eukaryota	Opisthokonta	Fungi	Ascomycota	Eurotiomycetes	Eurotiales	Aspergillaceae	Penicillium	Penicillium nalgiovense
GCA_920105805	GCA_920105805|CAKKTI010000915.1/1354-7587;size=1	40633	218658	gi|27803576|gb|AY183890.1|	99.561	1822	8	0	8	1829	1	1822	0	3326	1822	Eukaryota	NA	Discosea	NA	Flabellinia	NA	Vannellidae	Clydonella	Clydonella sp. ATCC 50816	1	Eukaryota	SAR	Alveolata	Ciliophora	Heterotrichea	Heterotrichida	Condylostomatidae	Condylostoma	Condylostoma magnum
GCA_943704415	GCA_943704415|CALSCO010001784.1/5601-932;size=1	1993908	473813	gi|157780212|gb|EU011948.1|	88.416	1338	128	26	3122	4449	1094	2414	0	1587	2627	Eukaryota	NA	NA	NA	Choanoflagellata	Craspedida	Salpingoecidae	Salpingoeca	Salpingoeca urceolata	1	Eukaryota	Opisthokonta	Cristidiscoidea	Cristidiscoidea	Cristidiscoidea	Rotosphaerida	Rotosphaerida	Parvularia	Parvularia atlantis
GCA_943704525	GCA_943704525|CALSCQ010003390.1/3654-9057;size=1	2006545	1924737	gi|157780210|gb|EU011946.1|	88.803	2849	257	50	2581	5389	742	3568	0	3437	3571	Eukaryota	NA	NA	NA	Choanoflagellata	Craspedida	Salpingoecidae	Salpingoeca	Salpingoeca kvevrii	1	Eukaryota	Opisthokonta	Filasterea	Filasterea	Filasterea	Filasterea	Filasterea	Pigoraptor	Pigoraptor vietnamica
GCA_947598445	GCA_947598445|CANQGJ010000046.1/32499100-32503214;size=1	9669	8128	gi|1434907354|ref|XR_003214317.1|	99.694	1958	1	5	2158	4115	1	1953	0	3578	3900	Eukaryota	Metazoa	Chordata	Craniata	Actinopteri	Cichliformes	Cichlidae	Oreochromis	Oreochromis niloticus	3	Eukaryota	Opisthokonta	Metazoa	Chordata	Mammalia	Carnivora	Mustelidae	Mustela	Mustela putorius
GCA_947598445	GCA_947598445|CANQGJ010000048.1/20465-15133;size=95	9669	47969	gi|283826628|gb|GU289229.1|	99.812	5331	9	1	3	5333	1	5330	0	9788	6949	Eukaryota	Metazoa	Chordata	Craniata	Actinopteri	Cichliformes	Cichlidae	Oreochromis	Oreochromis aureus	3	Eukaryota	Opisthokonta	Metazoa	Chordata	Mammalia	Carnivora	Mustelidae	Mustela	Mustela putorius
GCA_947598445	GCA_947598445|CANQGJ010000162.1/29766263-29770435;size=1	9669	47969	gi|283826628|gb|GU289229.1|	97.512	4221	53	9	3	4173	1	4219	0	7166	6949	Eukaryota	Metazoa	Chordata	Craniata	Actinopteri	Cichliformes	Cichlidae	Oreochromis	Oreochromis aureus	3	Eukaryota	Opisthokonta	Metazoa	Chordata	Mammalia	Carnivora	Mustelidae	Mustela	Mustela putorius
